2026-09-30 14:18:12,675 - INFO - SensorApp - Bereit. Starte automatische Bluetooth-Verbindung...
Tipp: Halte 'x' oder 'y' beim Scrollen für gezielten Zoom!
2026-09-30 14:18:13,194 - INFO - SensorApp.Bluetooth - Automatischer Verbindungsmodus gestartet.
2026-09-30 14:18:13,280 - ERROR - SensorApp.Bluetooth - Bluetooth-Adapter Fehler: ('Bluetooth radio is not powered on. Turn on Bluetooth and try again.', <BleakBluetoothNotAvailableReason.POWERED_OFF: 3>)
2026-09-30 14:18:18,290 - ERROR - SensorApp.Bluetooth - Bluetooth-Adapter Fehler: ('Bluetooth radio is not powered on. Turn on Bluetooth and try again.', <BleakBluetoothNotAvailableReason.POWERED_OFF: 3>)
2026-09-30 14:18:23,304 - ERROR - SensorApp.Bluetooth - Bluetooth-Adapter Fehler: ('Bluetooth radio is not powered on. Turn on Bluetooth and try again.', <BleakBluetoothNotAvailableReason.POWERED_OFF: 3>)
2026-09-30 14:18:28,318 - ERROR - SensorApp.Bluetooth - Bluetooth-Adapter Fehler: ('Bluetooth radio is not powered on. Turn on Bluetooth and try again.', <BleakBluetoothNotAvailableReason.POWERED_OFF: 3>)
2026-09-30 14:18:33,335 - ERROR - SensorApp.Bluetooth - Bluetooth-Adapter Fehler: ('Bluetooth radio is not powered on. Turn on Bluetooth and try again.', <BleakBluetoothNotAvailableReason.POWERED_OFF: 3>)
2026-09-30 14:18:38,337 - ERROR - SensorApp.Bluetooth - Bluetooth-Adapter Fehler: ('Bluetooth radio is not powered on. Turn on Bluetooth and try again.', <BleakBluetoothNotAvailableReason.POWERED_OFF: 3>)
2026-09-30 14:18:43,348 - ERROR - SensorApp.Bluetooth - Bluetooth-Adapter Fehler: ('Bluetooth radio is not powered on. Turn on Bluetooth and try again.', <BleakBluetoothNotAvailableReason.POWERED_OFF: 3>)
2026-09-30 14:18:48,350 - ERROR - SensorApp.Bluetooth - Bluetooth-Adapter Fehler: ('Bluetooth radio is not powered on. Turn on Bluetooth and try again.', <BleakBluetoothNotAvailableReason.POWERED_OFF: 3>)
2026-09-30 14:18:53,365 - ERROR - SensorApp.Bluetooth - Bluetooth-Adapter Fehler: ('Bluetooth radio is not powered on. Turn on Bluetooth and try again.', <BleakBluetoothNotAvailableReason.POWERED_OFF: 3>)
2026-09-30 14:18:58,369 - ERROR - SensorApp.Bluetooth - Bluetooth-Adapter Fehler: ('Bluetooth radio is not powered on. Turn on Bluetooth and try again.', <BleakBluetoothNotAvailableReason.POWERED_OFF: 3>)
2026-09-30 14:19:03,384 - ERROR - SensorApp.Bluetooth - Bluetooth-Adapter Fehler: ('Bluetooth radio is not powered on. Turn on Bluetooth and try again.', <BleakBluetoothNotAvailableReason.POWERED_OFF: 3>)
2026-09-30 14:19:08,401 - ERROR - SensorApp.Bluetooth - Bluetooth-Adapter Fehler: ('Bluetooth radio is not powered on. Turn on Bluetooth and try again.', <BleakBluetoothNotAvailableReason.POWERED_OFF: 3>)
2026-09-30 14:19:13,411 - ERROR - SensorApp.Bluetooth - Bluetooth-Adapter Fehler: ('Bluetooth radio is not powered on. Turn on Bluetooth and try again.', <BleakBluetoothNotAvailableReason.POWERED_OFF: 3>)
2026-09-30 14:19:18,417 - ERROR - SensorApp.Bluetooth - Bluetooth-Adapter Fehler: ('Bluetooth radio is not powered on. Turn on Bluetooth and try again.', <BleakBluetoothNotAvailableReason.POWERED_OFF: 3>)
2026-09-30 14:19:23,433 - ERROR - SensorApp.Bluetooth - Bluetooth-Adapter Fehler: ('Bluetooth radio is not powered on. Turn on Bluetooth and try again.', <BleakBluetoothNotAvailableReason.POWERED_OFF: 3>)
2026-09-30 14:19:28,449 - ERROR - SensorApp.Bluetooth - Bluetooth-Adapter Fehler: ('Bluetooth radio is not powered on. Turn on Bluetooth and try again.', <BleakBluetoothNotAvailableReason.POWERED_OFF: 3>)
2026-09-30 14:19:33,466 - ERROR - SensorApp.Bluetooth - Bluetooth-Adapter Fehler: ('Bluetooth radio is not powered on. Turn on Bluetooth and try again.', <BleakBluetoothNotAvailableReason.POWERED_OFF: 3>)
2026-09-30 14:19:38,468 - ERROR - SensorApp.Bluetooth - Bluetooth-Adapter Fehler: ('Bluetooth radio is not powered on. Turn on Bluetooth and try again.', <BleakBluetoothNotAvailableReason.POWERED_OFF: 3>)
2026-09-30 14:19:43,480 - ERROR - SensorApp.Bluetooth - Bluetooth-Adapter Fehler: ('Bluetooth radio is not powered on. Turn on Bluetooth and try again.', <BleakBluetoothNotAvailableReason.POWERED_OFF: 3>)
2026-09-30 14:19:48,496 - ERROR - SensorApp.Bluetooth - Bluetooth-Adapter Fehler: ('Bluetooth radio is not powered on. Turn on Bluetooth and try again.', <BleakBluetoothNotAvailableReason.POWERED_OFF: 3>)
2026-09-30 14:19:53,521 - ERROR - SensorApp.Bluetooth - Bluetooth-Adapter Fehler: ('Bluetooth radio is not powered on. Turn on Bluetooth and try again.', <BleakBluetoothNotAvailableReason.POWERED_OFF: 3>)
2026-09-30 14:19:58,530 - ERROR - SensorApp.Bluetooth - Bluetooth-Adapter Fehler: ('Bluetooth radio is not powered on. Turn on Bluetooth and try again.', <BleakBluetoothNotAvailableReason.POWERED_OFF: 3>)
2026-09-30 14:20:03,541 - ERROR - SensorApp.Bluetooth - Bluetooth-Adapter Fehler: ('Bluetooth radio is not powered on. Turn on Bluetooth and try again.', <BleakBluetoothNotAvailableReason.POWERED_OFF: 3>)
2026-09-30 14:20:08,552 - ERROR - SensorApp.Bluetooth - Bluetooth-Adapter Fehler: ('Bluetooth radio is not powered on. Turn on Bluetooth and try again.', <BleakBluetoothNotAvailableReason.POWERED_OFF: 3>)
2026-09-30 14:20:13,567 - ERROR - SensorApp.Bluetooth - Bluetooth-Adapter Fehler: ('Bluetooth radio is not powered on. Turn on Bluetooth and try again.', <BleakBluetoothNotAvailableReason.POWERED_OFF: 3>)
2026-09-30 14:20:18,587 - ERROR - SensorApp.Bluetooth - Bluetooth-Adapter Fehler: ('Bluetooth radio is not powered on. Turn on Bluetooth and try again.', <BleakBluetoothNotAvailableReason.POWERED_OFF: 3>)
2026-09-30 14:20:23,604 - ERROR - SensorApp.Bluetooth - Bluetooth-Adapter Fehler: ('Bluetooth radio is not powered on. Turn on Bluetooth and try again.', <BleakBluetoothNotAvailableReason.POWERED_OFF: 3>)
2026-09-30 14:20:28,611 - ERROR - SensorApp.Bluetooth - Bluetooth-Adapter Fehler: ('Bluetooth radio is not powered on. Turn on Bluetooth and try again.', <BleakBluetoothNotAvailableReason.POWERED_OFF: 3>)
2026-09-30 14:20:33,615 - ERROR - SensorApp.Bluetooth - Bluetooth-Adapter Fehler: ('Bluetooth radio is not powered on. Turn on Bluetooth and try again.', <BleakBluetoothNotAvailableReason.POWERED_OFF: 3>)
2026-09-30 14:20:38,622 - ERROR - SensorApp.Bluetooth - Bluetooth-Adapter Fehler: ('Bluetooth radio is not powered on. Turn on Bluetooth and try again.', <BleakBluetoothNotAvailableReason.POWERED_OFF: 3>)
2026-09-30 14:20:43,642 - ERROR - SensorApp.Bluetooth - Bluetooth-Adapter Fehler: ('Bluetooth radio is not powered on. Turn on Bluetooth and try again.', <BleakBluetoothNotAvailableReason.POWERED_OFF: 3>)
2026-09-30 14:20:48,650 - ERROR - SensorApp.Bluetooth - Bluetooth-Adapter Fehler: ('Bluetooth radio is not powered on. Turn on Bluetooth and try again.', <BleakBluetoothNotAvailableReason.POWERED_OFF: 3>)
2026-09-30 14:20:53,650 - ERROR - SensorApp.Bluetooth - Bluetooth-Adapter Fehler: ('Bluetooth radio is not powered on. Turn on Bluetooth and try again.', <BleakBluetoothNotAvailableReason.POWERED_OFF: 3>)
2026-09-30 14:20:58,667 - ERROR - SensorApp.Bluetooth - Bluetooth-Adapter Fehler: ('Bluetooth radio is not powered on. Turn on Bluetooth and try again.', <BleakBluetoothNotAvailableReason.POWERED_OFF: 3>)
2026-09-30 14:21:03,673 - ERROR - SensorApp.Bluetooth - Bluetooth-Adapter Fehler: ('Bluetooth radio is not powered on. Turn on Bluetooth and try again.', <BleakBluetoothNotAvailableReason.POWERED_OFF: 3>)
2026-09-30 14:21:08,696 - ERROR - SensorApp.Bluetooth - Bluetooth-Adapter Fehler: ('Bluetooth radio is not powered on. Turn on Bluetooth and try again.', <BleakBluetoothNotAvailableReason.POWERED_OFF: 3>)
2026-09-30 14:21:13,700 - ERROR - SensorApp.Bluetooth - Bluetooth-Adapter Fehler: ('Bluetooth radio is not powered on. Turn on Bluetooth and try again.', <BleakBluetoothNotAvailableReason.POWERED_OFF: 3>)
2026-09-30 14:21:18,718 - ERROR - SensorApp.Bluetooth - Bluetooth-Adapter Fehler: ('Bluetooth radio is not powered on. Turn on Bluetooth and try again.', <BleakBluetoothNotAvailableReason.POWERED_OFF: 3>)
2026-09-30 14:21:23,723 - ERROR - SensorApp.Bluetooth - Bluetooth-Adapter Fehler: ('Bluetooth radio is not powered on. Turn on Bluetooth and try again.', <BleakBluetoothNotAvailableReason.POWERED_OFF: 3>)
2026-09-30 14:21:28,734 - ERROR - SensorApp.Bluetooth - Bluetooth-Adapter Fehler: ('Bluetooth radio is not powered on. Turn on Bluetooth and try again.', <BleakBluetoothNotAvailableReason.POWERED_OFF: 3>)
2026-09-30 14:21:33,750 - ERROR - SensorApp.Bluetooth - Bluetooth-Adapter Fehler: ('Bluetooth radio is not powered on. Turn on Bluetooth and try again.', <BleakBluetoothNotAvailableReason.POWERED_OFF: 3>)
2026-09-30 14:21:38,768 - ERROR - SensorApp.Bluetooth - Bluetooth-Adapter Fehler: ('Bluetooth radio is not powered on. Turn on Bluetooth and try again.', <BleakBluetoothNotAvailableReason.POWERED_OFF: 3>)
2026-09-30 14:21:43,785 - ERROR - SensorApp.Bluetooth - Bluetooth-Adapter Fehler: ('Bluetooth radio is not powered on. Turn on Bluetooth and try again.', <BleakBluetoothNotAvailableReason.POWERED_OFF: 3>)
2026-09-30 14:21:48,807 - ERROR - SensorApp.Bluetooth - Bluetooth-Adapter Fehler: ('Bluetooth radio is not powered on. Turn on Bluetooth and try again.', <BleakBluetoothNotAvailableReason.POWERED_OFF: 3>)
2026-09-30 14:21:53,820 - ERROR - SensorApp.Bluetooth - Bluetooth-Adapter Fehler: ('Bluetooth radio is not powered on. Turn on Bluetooth and try again.', <BleakBluetoothNotAvailableReason.POWERED_OFF: 3>)
2026-09-30 14:21:58,837 - ERROR - SensorApp.Bluetooth - Bluetooth-Adapter Fehler: ('Bluetooth radio is not powered on. Turn on Bluetooth and try again.', <BleakBluetoothNotAvailableReason.POWERED_OFF: 3>)
2026-09-30 14:22:03,842 - ERROR - SensorApp.Bluetooth - Bluetooth-Adapter Fehler: ('Bluetooth radio is not powered on. Turn on Bluetooth and try again.', <BleakBluetoothNotAvailableReason.POWERED_OFF: 3>)
2026-09-30 14:22:08,859 - ERROR - SensorApp.Bluetooth - Bluetooth-Adapter Fehler: ('Bluetooth radio is not powered on. Turn on Bluetooth and try again.', <BleakBluetoothNotAvailableReason.POWERED_OFF: 3>)
2026-09-30 14:22:13,864 - ERROR - SensorApp.Bluetooth - Bluetooth-Adapter Fehler: ('Bluetooth radio is not powered on. Turn on Bluetooth and try again.', <BleakBluetoothNotAvailableReason.POWERED_OFF: 3>)
2026-09-30 14:22:18,884 - ERROR - SensorApp.Bluetooth - Bluetooth-Adapter Fehler: ('Bluetooth radio is not powered on. Turn on Bluetooth and try again.', <BleakBluetoothNotAvailableReason.POWERED_OFF: 3>)
2026-09-30 14:22:23,900 - ERROR - SensorApp.Bluetooth - Bluetooth-Adapter Fehler: ('Bluetooth radio is not powered on. Turn on Bluetooth and try again.', <BleakBluetoothNotAvailableReason.POWERED_OFF: 3>)
2026-09-30 14:22:28,917 - ERROR - SensorApp.Bluetooth - Bluetooth-Adapter Fehler: ('Bluetooth radio is not powered on. Turn on Bluetooth and try again.', <BleakBluetoothNotAvailableReason.POWERED_OFF: 3>)
2026-09-30 14:22:33,933 - ERROR - SensorApp.Bluetooth - Bluetooth-Adapter Fehler: ('Bluetooth radio is not powered on. Turn on Bluetooth and try again.', <BleakBluetoothNotAvailableReason.POWERED_OFF: 3>)
2026-09-30 14:22:39,482 - INFO - SensorApp - Bereit. Starte automatische Bluetooth-Verbindung...
Tipp: Halte 'x' oder 'y' beim Scrollen für gezielten Zoom!
2026-09-30 14:22:39,985 - INFO - SensorApp.Bluetooth - Automatischer Verbindungsmodus gestartet.
2026-09-30 14:22:40,013 - ERROR - SensorApp.Bluetooth - Bluetooth-Adapter Fehler: ('Bluetooth radio is not powered on. Turn on Bluetooth and try again.', <BleakBluetoothNotAvailableReason.POWERED_OFF: 3>)
2026-09-30 14:22:45,023 - ERROR - SensorApp.Bluetooth - Bluetooth-Adapter Fehler: ('Bluetooth radio is not powered on. Turn on Bluetooth and try again.', <BleakBluetoothNotAvailableReason.POWERED_OFF: 3>)
2026-09-30 14:22:50,039 - ERROR - SensorApp.Bluetooth - Bluetooth-Adapter Fehler: ('Bluetooth radio is not powered on. Turn on Bluetooth and try again.', <BleakBluetoothNotAvailableReason.POWERED_OFF: 3>)
2026-09-30 14:22:55,041 - ERROR - SensorApp.Bluetooth - Bluetooth-Adapter Fehler: ('Bluetooth radio is not powered on. Turn on Bluetooth and try again.', <BleakBluetoothNotAvailableReason.POWERED_OFF: 3>)
2026-09-30 14:23:00,059 - ERROR - SensorApp.Bluetooth - Bluetooth-Adapter Fehler: ('Bluetooth radio is not powered on. Turn on Bluetooth and try again.', <BleakBluetoothNotAvailableReason.POWERED_OFF: 3>)
2026-09-30 14:23:05,077 - ERROR - SensorApp.Bluetooth - Bluetooth-Adapter Fehler: ('Bluetooth radio is not powered on. Turn on Bluetooth and try again.', <BleakBluetoothNotAvailableReason.POWERED_OFF: 3>)
2026-09-30 14:23:10,082 - ERROR - SensorApp.Bluetooth - Bluetooth-Adapter Fehler: ('Bluetooth radio is not powered on. Turn on Bluetooth and try again.', <BleakBluetoothNotAvailableReason.POWERED_OFF: 3>)
2026-09-30 14:23:15,100 - ERROR - SensorApp.Bluetooth - Bluetooth-Adapter Fehler: ('Bluetooth radio is not powered on. Turn on Bluetooth and try again.', <BleakBluetoothNotAvailableReason.POWERED_OFF: 3>)
2026-09-30 14:23:20,112 - ERROR - SensorApp.Bluetooth - Bluetooth-Adapter Fehler: ('Bluetooth radio is not powered on. Turn on Bluetooth and try again.', <BleakBluetoothNotAvailableReason.POWERED_OFF: 3>)
2026-09-30 14:23:25,122 - ERROR - SensorApp.Bluetooth - Bluetooth-Adapter Fehler: ('Bluetooth radio is not powered on. Turn on Bluetooth and try again.', <BleakBluetoothNotAvailableReason.POWERED_OFF: 3>)
2026-09-30 14:23:30,132 - ERROR - SensorApp.Bluetooth - Bluetooth-Adapter Fehler: ('Bluetooth radio is not powered on. Turn on Bluetooth and try again.', <BleakBluetoothNotAvailableReason.POWERED_OFF: 3>)
2026-09-30 14:23:35,145 - ERROR - SensorApp.Bluetooth - Bluetooth-Adapter Fehler: ('Bluetooth radio is not powered on. Turn on Bluetooth and try again.', <BleakBluetoothNotAvailableReason.POWERED_OFF: 3>)
2026-09-30 14:23:40,160 - ERROR - SensorApp.Bluetooth - Bluetooth-Adapter Fehler: ('Bluetooth radio is not powered on. Turn on Bluetooth and try again.', <BleakBluetoothNotAvailableReason.POWERED_OFF: 3>)
2026-09-30 14:23:45,169 - ERROR - SensorApp.Bluetooth - Bluetooth-Adapter Fehler: ('Bluetooth radio is not powered on. Turn on Bluetooth and try again.', <BleakBluetoothNotAvailableReason.POWERED_OFF: 3>)
2026-09-30 14:23:50,183 - ERROR - SensorApp.Bluetooth - Bluetooth-Adapter Fehler: ('Bluetooth radio is not powered on. Turn on Bluetooth and try again.', <BleakBluetoothNotAvailableReason.POWERED_OFF: 3>)
2026-09-30 14:23:55,191 - ERROR - SensorApp.Bluetooth - Bluetooth-Adapter Fehler: ('Bluetooth radio is not powered on. Turn on Bluetooth and try again.', <BleakBluetoothNotAvailableReason.POWERED_OFF: 3>)
2026-09-30 14:24:00,204 - ERROR - SensorApp.Bluetooth - Bluetooth-Adapter Fehler: ('Bluetooth radio is not powered on. Turn on Bluetooth and try again.', <BleakBluetoothNotAvailableReason.POWERED_OFF: 3>)
2026-09-30 14:24:05,212 - ERROR - SensorApp.Bluetooth - Bluetooth-Adapter Fehler: ('Bluetooth radio is not powered on. Turn on Bluetooth and try again.', <BleakBluetoothNotAvailableReason.POWERED_OFF: 3>)
2026-09-30 14:24:10,012 - INFO - SensorApp - Bereit. Starte automatische Bluetooth-Verbindung...
Tipp: Halte 'x' oder 'y' beim Scrollen für gezielten Zoom!
2026-09-30 14:24:10,516 - INFO - SensorApp.Bluetooth - Automatischer Verbindungsmodus gestartet.
2026-09-30 14:24:10,543 - ERROR - SensorApp.Bluetooth - Bluetooth-Adapter Fehler: ('Bluetooth radio is not powered on. Turn on Bluetooth and try again.', <BleakBluetoothNotAvailableReason.POWERED_OFF: 3>)
2026-09-30 14:24:15,552 - ERROR - SensorApp.Bluetooth - Bluetooth-Adapter Fehler: ('Bluetooth radio is not powered on. Turn on Bluetooth and try again.', <BleakBluetoothNotAvailableReason.POWERED_OFF: 3>)
2026-09-30 14:24:20,566 - ERROR - SensorApp.Bluetooth - Bluetooth-Adapter Fehler: ('Bluetooth radio is not powered on. Turn on Bluetooth and try again.', <BleakBluetoothNotAvailableReason.POWERED_OFF: 3>)
2026-09-30 14:24:25,574 - ERROR - SensorApp.Bluetooth - Bluetooth-Adapter Fehler: ('Bluetooth radio is not powered on. Turn on Bluetooth and try again.', <BleakBluetoothNotAvailableReason.POWERED_OFF: 3>)
2026-09-30 14:24:30,581 - ERROR - SensorApp.Bluetooth - Bluetooth-Adapter Fehler: ('Bluetooth radio is not powered on. Turn on Bluetooth and try again.', <BleakBluetoothNotAvailableReason.POWERED_OFF: 3>)
2026-09-30 14:24:35,590 - ERROR - SensorApp.Bluetooth - Bluetooth-Adapter Fehler: ('Bluetooth radio is not powered on. Turn on Bluetooth and try again.', <BleakBluetoothNotAvailableReason.POWERED_OFF: 3>)
2026-09-30 14:24:40,600 - ERROR - SensorApp.Bluetooth - Bluetooth-Adapter Fehler: ('Bluetooth radio is not powered on. Turn on Bluetooth and try again.', <BleakBluetoothNotAvailableReason.POWERED_OFF: 3>)
2026-09-30 14:24:45,600 - ERROR - SensorApp.Bluetooth - Bluetooth-Adapter Fehler: ('Bluetooth radio is not powered on. Turn on Bluetooth and try again.', <BleakBluetoothNotAvailableReason.POWERED_OFF: 3>)
2026-09-30 14:24:47,592 - INFO - SensorApp - Bereit. Starte automatische Bluetooth-Verbindung...
Tipp: Halte 'x' oder 'y' beim Scrollen für gezielten Zoom!
2026-09-30 14:24:48,100 - INFO - SensorApp.Bluetooth - Automatischer Verbindungsmodus gestartet.
2026-09-30 14:24:48,126 - ERROR - SensorApp.Bluetooth - Bluetooth-Adapter Fehler: ('Bluetooth radio is not powered on. Turn on Bluetooth and try again.', <BleakBluetoothNotAvailableReason.POWERED_OFF: 3>)
2026-09-30 14:24:50,362 - INFO - SensorApp - Lade Daten: messung_20260929_163110_d254s.csv
2026-09-30 14:24:53,136 - ERROR - SensorApp.Bluetooth - Bluetooth-Adapter Fehler: ('Bluetooth radio is not powered on. Turn on Bluetooth and try again.', <BleakBluetoothNotAvailableReason.POWERED_OFF: 3>)
2026-09-30 14:24:58,145 - ERROR - SensorApp.Bluetooth - Bluetooth-Adapter Fehler: ('Bluetooth radio is not powered on. Turn on Bluetooth and try again.', <BleakBluetoothNotAvailableReason.POWERED_OFF: 3>)
2026-09-30 14:24:58,744 - INFO - SensorApp - Lade Daten: messung_20260929_162538_d254s.csv
2026-09-30 14:25:03,044 - INFO - SensorApp - Lade Daten: messung_20260929_162538_d254s.csv
2026-09-30 14:25:03,146 - ERROR - SensorApp.Bluetooth - Bluetooth-Adapter Fehler: ('Bluetooth radio is not powered on. Turn on Bluetooth and try again.', <BleakBluetoothNotAvailableReason.POWERED_OFF: 3>)
2026-09-30 14:25:08,151 - ERROR - SensorApp.Bluetooth - Bluetooth-Adapter Fehler: ('Bluetooth radio is not powered on. Turn on Bluetooth and try again.', <BleakBluetoothNotAvailableReason.POWERED_OFF: 3>)
2026-09-30 14:25:10,178 - INFO - SensorApp - Lade Daten: messung_20260929_162538_d254s.csv
2026-09-30 14:25:13,153 - ERROR - SensorApp.Bluetooth - Bluetooth-Adapter Fehler: ('Bluetooth radio is not powered on. Turn on Bluetooth and try again.', <BleakBluetoothNotAvailableReason.POWERED_OFF: 3>)
2026-09-30 14:25:18,168 - ERROR - SensorApp.Bluetooth - Bluetooth-Adapter Fehler: ('Bluetooth radio is not powered on. Turn on Bluetooth and try again.', <BleakBluetoothNotAvailableReason.POWERED_OFF: 3>)
2026-09-30 14:25:23,181 - ERROR - SensorApp.Bluetooth - Bluetooth-Adapter Fehler: ('Bluetooth radio is not powered on. Turn on Bluetooth and try again.', <BleakBluetoothNotAvailableReason.POWERED_OFF: 3>)
2026-09-30 14:25:28,213 - ERROR - SensorApp.Bluetooth - Bluetooth-Adapter Fehler: ('Bluetooth radio is not powered on. Turn on Bluetooth and try again.', <BleakBluetoothNotAvailableReason.POWERED_OFF: 3>)
2026-09-30 14:25:33,241 - ERROR - SensorApp.Bluetooth - Bluetooth-Adapter Fehler: ('Bluetooth radio is not powered on. Turn on Bluetooth and try again.', <BleakBluetoothNotAvailableReason.POWERED_OFF: 3>)
2026-09-30 14:25:38,246 - ERROR - SensorApp.Bluetooth - Bluetooth-Adapter Fehler: ('Bluetooth radio is not powered on. Turn on Bluetooth and try again.', <BleakBluetoothNotAvailableReason.POWERED_OFF: 3>)
2026-09-30 14:25:43,247 - ERROR - SensorApp.Bluetooth - Bluetooth-Adapter Fehler: ('Bluetooth radio is not powered on. Turn on Bluetooth and try again.', <BleakBluetoothNotAvailableReason.POWERED_OFF: 3>)
2026-09-30 14:25:48,264 - ERROR - SensorApp.Bluetooth - Bluetooth-Adapter Fehler: ('Bluetooth radio is not powered on. Turn on Bluetooth and try again.', <BleakBluetoothNotAvailableReason.POWERED_OFF: 3>)
2026-09-30 14:25:53,265 - ERROR - SensorApp.Bluetooth - Bluetooth-Adapter Fehler: ('Bluetooth radio is not powered on. Turn on Bluetooth and try again.', <BleakBluetoothNotAvailableReason.POWERED_OFF: 3>)
2026-09-30 14:25:58,285 - ERROR - SensorApp.Bluetooth - Bluetooth-Adapter Fehler: ('Bluetooth radio is not powered on. Turn on Bluetooth and try again.', <BleakBluetoothNotAvailableReason.POWERED_OFF: 3>)
2026-09-30 14:26:03,301 - ERROR - SensorApp.Bluetooth - Bluetooth-Adapter Fehler: ('Bluetooth radio is not powered on. Turn on Bluetooth and try again.', <BleakBluetoothNotAvailableReason.POWERED_OFF: 3>)
2026-09-30 14:26:08,316 - ERROR - SensorApp.Bluetooth - Bluetooth-Adapter Fehler: ('Bluetooth radio is not powered on. Turn on Bluetooth and try again.', <BleakBluetoothNotAvailableReason.POWERED_OFF: 3>)
2026-09-30 14:26:13,323 - ERROR - SensorApp.Bluetooth - Bluetooth-Adapter Fehler: ('Bluetooth radio is not powered on. Turn on Bluetooth and try again.', <BleakBluetoothNotAvailableReason.POWERED_OFF: 3>)
2026-09-30 14:26:18,333 - ERROR - SensorApp.Bluetooth - Bluetooth-Adapter Fehler: ('Bluetooth radio is not powered on. Turn on Bluetooth and try again.', <BleakBluetoothNotAvailableReason.POWERED_OFF: 3>)
2026-09-30 14:26:19,879 - INFO - SensorApp - Lade Daten: messung_20260929_163110_d254s.csv
2026-09-30 14:26:23,352 - ERROR - SensorApp.Bluetooth - Bluetooth-Adapter Fehler: ('Bluetooth radio is not powered on. Turn on Bluetooth and try again.', <BleakBluetoothNotAvailableReason.POWERED_OFF: 3>)
2026-09-30 14:26:28,363 - ERROR - SensorApp.Bluetooth - Bluetooth-Adapter Fehler: ('Bluetooth radio is not powered on. Turn on Bluetooth and try again.', <BleakBluetoothNotAvailableReason.POWERED_OFF: 3>)
2026-09-30 14:26:33,371 - ERROR - SensorApp.Bluetooth - Bluetooth-Adapter Fehler: ('Bluetooth radio is not powered on. Turn on Bluetooth and try again.', <BleakBluetoothNotAvailableReason.POWERED_OFF: 3>)
2026-09-30 14:26:38,383 - ERROR - SensorApp.Bluetooth - Bluetooth-Adapter Fehler: ('Bluetooth radio is not powered on. Turn on Bluetooth and try again.', <BleakBluetoothNotAvailableReason.POWERED_OFF: 3>)
2026-09-30 14:26:43,396 - ERROR - SensorApp.Bluetooth - Bluetooth-Adapter Fehler: ('Bluetooth radio is not powered on. Turn on Bluetooth and try again.', <BleakBluetoothNotAvailableReason.POWERED_OFF: 3>)
2026-09-30 14:26:48,413 - ERROR - SensorApp.Bluetooth - Bluetooth-Adapter Fehler: ('Bluetooth radio is not powered on. Turn on Bluetooth and try again.', <BleakBluetoothNotAvailableReason.POWERED_OFF: 3>)
2026-09-30 14:26:53,421 - ERROR - SensorApp.Bluetooth - Bluetooth-Adapter Fehler: ('Bluetooth radio is not powered on. Turn on Bluetooth and try again.', <BleakBluetoothNotAvailableReason.POWERED_OFF: 3>)
2026-09-30 14:26:58,431 - ERROR - SensorApp.Bluetooth - Bluetooth-Adapter Fehler: ('Bluetooth radio is not powered on. Turn on Bluetooth and try again.', <BleakBluetoothNotAvailableReason.POWERED_OFF: 3>)
2026-09-30 14:27:03,433 - ERROR - SensorApp.Bluetooth - Bluetooth-Adapter Fehler: ('Bluetooth radio is not powered on. Turn on Bluetooth and try again.', <BleakBluetoothNotAvailableReason.POWERED_OFF: 3>)
2026-09-30 14:27:08,444 - ERROR - SensorApp.Bluetooth - Bluetooth-Adapter Fehler: ('Bluetooth radio is not powered on. Turn on Bluetooth and try again.', <BleakBluetoothNotAvailableReason.POWERED_OFF: 3>)
2026-09-30 14:27:13,450 - ERROR - SensorApp.Bluetooth - Bluetooth-Adapter Fehler: ('Bluetooth radio is not powered on. Turn on Bluetooth and try again.', <BleakBluetoothNotAvailableReason.POWERED_OFF: 3>)
2026-09-30 14:27:18,467 - ERROR - SensorApp.Bluetooth - Bluetooth-Adapter Fehler: ('Bluetooth radio is not powered on. Turn on Bluetooth and try again.', <BleakBluetoothNotAvailableReason.POWERED_OFF: 3>)
2026-09-30 14:27:23,483 - ERROR - SensorApp.Bluetooth - Bluetooth-Adapter Fehler: ('Bluetooth radio is not powered on. Turn on Bluetooth and try again.', <BleakBluetoothNotAvailableReason.POWERED_OFF: 3>)
2026-09-30 14:27:28,495 - ERROR - SensorApp.Bluetooth - Bluetooth-Adapter Fehler: ('Bluetooth radio is not powered on. Turn on Bluetooth and try again.', <BleakBluetoothNotAvailableReason.POWERED_OFF: 3>)
2026-09-30 14:27:33,503 - ERROR - SensorApp.Bluetooth - Bluetooth-Adapter Fehler: ('Bluetooth radio is not powered on. Turn on Bluetooth and try again.', <BleakBluetoothNotAvailableReason.POWERED_OFF: 3>)
2026-09-30 14:27:38,524 - ERROR - SensorApp.Bluetooth - Bluetooth-Adapter Fehler: ('Bluetooth radio is not powered on. Turn on Bluetooth and try again.', <BleakBluetoothNotAvailableReason.POWERED_OFF: 3>)
2026-09-30 14:27:43,533 - ERROR - SensorApp.Bluetooth - Bluetooth-Adapter Fehler: ('Bluetooth radio is not powered on. Turn on Bluetooth and try again.', <BleakBluetoothNotAvailableReason.POWERED_OFF: 3>)
2026-09-30 14:27:48,549 - ERROR - SensorApp.Bluetooth - Bluetooth-Adapter Fehler: ('Bluetooth radio is not powered on. Turn on Bluetooth and try again.', <BleakBluetoothNotAvailableReason.POWERED_OFF: 3>)
2026-09-30 14:27:53,560 - ERROR - SensorApp.Bluetooth - Bluetooth-Adapter Fehler: ('Bluetooth radio is not powered on. Turn on Bluetooth and try again.', <BleakBluetoothNotAvailableReason.POWERED_OFF: 3>)
2026-09-30 14:27:58,569 - ERROR - SensorApp.Bluetooth - Bluetooth-Adapter Fehler: ('Bluetooth radio is not powered on. Turn on Bluetooth and try again.', <BleakBluetoothNotAvailableReason.POWERED_OFF: 3>)
2026-09-30 14:28:03,594 - ERROR - SensorApp.Bluetooth - Bluetooth-Adapter Fehler: ('Bluetooth radio is not powered on. Turn on Bluetooth and try again.', <BleakBluetoothNotAvailableReason.POWERED_OFF: 3>)
2026-09-30 14:28:08,603 - ERROR - SensorApp.Bluetooth - Bluetooth-Adapter Fehler: ('Bluetooth radio is not powered on. Turn on Bluetooth and try again.', <BleakBluetoothNotAvailableReason.POWERED_OFF: 3>)
2026-09-30 14:28:13,613 - ERROR - SensorApp.Bluetooth - Bluetooth-Adapter Fehler: ('Bluetooth radio is not powered on. Turn on Bluetooth and try again.', <BleakBluetoothNotAvailableReason.POWERED_OFF: 3>)
2026-09-30 14:28:18,628 - ERROR - SensorApp.Bluetooth - Bluetooth-Adapter Fehler: ('Bluetooth radio is not powered on. Turn on Bluetooth and try again.', <BleakBluetoothNotAvailableReason.POWERED_OFF: 3>)
2026-09-30 14:28:23,633 - ERROR - SensorApp.Bluetooth - Bluetooth-Adapter Fehler: ('Bluetooth radio is not powered on. Turn on Bluetooth and try again.', <BleakBluetoothNotAvailableReason.POWERED_OFF: 3>)
2026-09-30 14:28:28,653 - ERROR - SensorApp.Bluetooth - Bluetooth-Adapter Fehler: ('Bluetooth radio is not powered on. Turn on Bluetooth and try again.', <BleakBluetoothNotAvailableReason.POWERED_OFF: 3>)
2026-09-30 14:28:33,667 - ERROR - SensorApp.Bluetooth - Bluetooth-Adapter Fehler: ('Bluetooth radio is not powered on. Turn on Bluetooth and try again.', <BleakBluetoothNotAvailableReason.POWERED_OFF: 3>)
2026-09-30 14:28:38,680 - ERROR - SensorApp.Bluetooth - Bluetooth-Adapter Fehler: ('Bluetooth radio is not powered on. Turn on Bluetooth and try again.', <BleakBluetoothNotAvailableReason.POWERED_OFF: 3>)
2026-09-30 14:28:43,696 - ERROR - SensorApp.Bluetooth - Bluetooth-Adapter Fehler: ('Bluetooth radio is not powered on. Turn on Bluetooth and try again.', <BleakBluetoothNotAvailableReason.POWERED_OFF: 3>)
2026-09-30 14:28:48,703 - ERROR - SensorApp.Bluetooth - Bluetooth-Adapter Fehler: ('Bluetooth radio is not powered on. Turn on Bluetooth and try again.', <BleakBluetoothNotAvailableReason.POWERED_OFF: 3>)
2026-09-30 14:28:53,711 - ERROR - SensorApp.Bluetooth - Bluetooth-Adapter Fehler: ('Bluetooth radio is not powered on. Turn on Bluetooth and try again.', <BleakBluetoothNotAvailableReason.POWERED_OFF: 3>)
2026-09-30 14:28:58,737 - ERROR - SensorApp.Bluetooth - Bluetooth-Adapter Fehler: ('Bluetooth radio is not powered on. Turn on Bluetooth and try again.', <BleakBluetoothNotAvailableReason.POWERED_OFF: 3>)
2026-09-30 14:29:03,746 - ERROR - SensorApp.Bluetooth - Bluetooth-Adapter Fehler: ('Bluetooth radio is not powered on. Turn on Bluetooth and try again.', <BleakBluetoothNotAvailableReason.POWERED_OFF: 3>)
2026-09-30 14:29:08,752 - ERROR - SensorApp.Bluetooth - Bluetooth-Adapter Fehler: ('Bluetooth radio is not powered on. Turn on Bluetooth and try again.', <BleakBluetoothNotAvailableReason.POWERED_OFF: 3>)
2026-09-30 14:29:13,769 - ERROR - SensorApp.Bluetooth - Bluetooth-Adapter Fehler: ('Bluetooth radio is not powered on. Turn on Bluetooth and try again.', <BleakBluetoothNotAvailableReason.POWERED_OFF: 3>)
2026-09-30 14:29:18,780 - ERROR - SensorApp.Bluetooth - Bluetooth-Adapter Fehler: ('Bluetooth radio is not powered on. Turn on Bluetooth and try again.', <BleakBluetoothNotAvailableReason.POWERED_OFF: 3>)
2026-09-30 14:29:23,785 - ERROR - SensorApp.Bluetooth - Bluetooth-Adapter Fehler: ('Bluetooth radio is not powered on. Turn on Bluetooth and try again.', <BleakBluetoothNotAvailableReason.POWERED_OFF: 3>)
2026-09-30 14:29:28,796 - ERROR - SensorApp.Bluetooth - Bluetooth-Adapter Fehler: ('Bluetooth radio is not powered on. Turn on Bluetooth and try again.', <BleakBluetoothNotAvailableReason.POWERED_OFF: 3>)
2026-09-30 14:29:33,818 - ERROR - SensorApp.Bluetooth - Bluetooth-Adapter Fehler: ('Bluetooth radio is not powered on. Turn on Bluetooth and try again.', <BleakBluetoothNotAvailableReason.POWERED_OFF: 3>)
2026-09-30 14:29:38,831 - ERROR - SensorApp.Bluetooth - Bluetooth-Adapter Fehler: ('Bluetooth radio is not powered on. Turn on Bluetooth and try again.', <BleakBluetoothNotAvailableReason.POWERED_OFF: 3>)
2026-09-30 14:29:43,847 - ERROR - SensorApp.Bluetooth - Bluetooth-Adapter Fehler: ('Bluetooth radio is not powered on. Turn on Bluetooth and try again.', <BleakBluetoothNotAvailableReason.POWERED_OFF: 3>)
2026-09-30 14:29:48,867 - ERROR - SensorApp.Bluetooth - Bluetooth-Adapter Fehler: ('Bluetooth radio is not powered on. Turn on Bluetooth and try again.', <BleakBluetoothNotAvailableReason.POWERED_OFF: 3>)
2026-09-30 14:29:53,875 - ERROR - SensorApp.Bluetooth - Bluetooth-Adapter Fehler: ('Bluetooth radio is not powered on. Turn on Bluetooth and try again.', <BleakBluetoothNotAvailableReason.POWERED_OFF: 3>)
2026-09-30 14:29:58,879 - ERROR - SensorApp.Bluetooth - Bluetooth-Adapter Fehler: ('Bluetooth radio is not powered on. Turn on Bluetooth and try again.', <BleakBluetoothNotAvailableReason.POWERED_OFF: 3>)
2026-09-30 14:30:03,880 - ERROR - SensorApp.Bluetooth - Bluetooth-Adapter Fehler: ('Bluetooth radio is not powered on. Turn on Bluetooth and try again.', <BleakBluetoothNotAvailableReason.POWERED_OFF: 3>)
2026-09-30 14:30:08,893 - ERROR - SensorApp.Bluetooth - Bluetooth-Adapter Fehler: ('Bluetooth radio is not powered on. Turn on Bluetooth and try again.', <BleakBluetoothNotAvailableReason.POWERED_OFF: 3>)
2026-09-30 14:30:13,899 - ERROR - SensorApp.Bluetooth - Bluetooth-Adapter Fehler: ('Bluetooth radio is not powered on. Turn on Bluetooth and try again.', <BleakBluetoothNotAvailableReason.POWERED_OFF: 3>)
2026-09-30 14:30:19,093 - INFO - SensorApp - Bereit. Starte automatische Bluetooth-Verbindung...
Tipp: Halte 'x' oder 'y' beim Scrollen für gezielten Zoom!
2026-09-30 14:30:19,612 - INFO - SensorApp.Bluetooth - Automatischer Verbindungsmodus gestartet.
2026-09-30 14:30:19,640 - ERROR - SensorApp.Bluetooth - Bluetooth-Adapter Fehler: ('Bluetooth radio is not powered on. Turn on Bluetooth and try again.', <BleakBluetoothNotAvailableReason.POWERED_OFF: 3>)
2026-09-30 14:30:24,644 - ERROR - SensorApp.Bluetooth - Bluetooth-Adapter Fehler: ('Bluetooth radio is not powered on. Turn on Bluetooth and try again.', <BleakBluetoothNotAvailableReason.POWERED_OFF: 3>)
2026-09-30 14:30:29,664 - ERROR - SensorApp.Bluetooth - Bluetooth-Adapter Fehler: ('Bluetooth radio is not powered on. Turn on Bluetooth and try again.', <BleakBluetoothNotAvailableReason.POWERED_OFF: 3>)
2026-09-30 14:30:34,676 - ERROR - SensorApp.Bluetooth - Bluetooth-Adapter Fehler: ('Bluetooth radio is not powered on. Turn on Bluetooth and try again.', <BleakBluetoothNotAvailableReason.POWERED_OFF: 3>)
2026-09-30 14:30:38,791 - INFO - SensorApp - Lade Daten: messung_20260929_162538_d254s.csv
2026-09-30 14:30:39,685 - ERROR - SensorApp.Bluetooth - Bluetooth-Adapter Fehler: ('Bluetooth radio is not powered on. Turn on Bluetooth and try again.', <BleakBluetoothNotAvailableReason.POWERED_OFF: 3>)
2026-09-30 14:30:44,693 - ERROR - SensorApp.Bluetooth - Bluetooth-Adapter Fehler: ('Bluetooth radio is not powered on. Turn on Bluetooth and try again.', <BleakBluetoothNotAvailableReason.POWERED_OFF: 3>)
2026-09-30 14:30:49,709 - ERROR - SensorApp.Bluetooth - Bluetooth-Adapter Fehler: ('Bluetooth radio is not powered on. Turn on Bluetooth and try again.', <BleakBluetoothNotAvailableReason.POWERED_OFF: 3>)
2026-09-30 14:30:54,715 - ERROR - SensorApp.Bluetooth - Bluetooth-Adapter Fehler: ('Bluetooth radio is not powered on. Turn on Bluetooth and try again.', <BleakBluetoothNotAvailableReason.POWERED_OFF: 3>)
2026-09-30 14:30:59,737 - ERROR - SensorApp.Bluetooth - Bluetooth-Adapter Fehler: ('Bluetooth radio is not powered on. Turn on Bluetooth and try again.', <BleakBluetoothNotAvailableReason.POWERED_OFF: 3>)
2026-09-30 14:31:04,743 - ERROR - SensorApp.Bluetooth - Bluetooth-Adapter Fehler: ('Bluetooth radio is not powered on. Turn on Bluetooth and try again.', <BleakBluetoothNotAvailableReason.POWERED_OFF: 3>)
2026-09-30 14:31:09,759 - ERROR - SensorApp.Bluetooth - Bluetooth-Adapter Fehler: ('Bluetooth radio is not powered on. Turn on Bluetooth and try again.', <BleakBluetoothNotAvailableReason.POWERED_OFF: 3>)
2026-09-30 14:31:14,779 - ERROR - SensorApp.Bluetooth - Bluetooth-Adapter Fehler: ('Bluetooth radio is not powered on. Turn on Bluetooth and try again.', <BleakBluetoothNotAvailableReason.POWERED_OFF: 3>)
2026-09-30 14:31:19,801 - ERROR - SensorApp.Bluetooth - Bluetooth-Adapter Fehler: ('Bluetooth radio is not powered on. Turn on Bluetooth and try again.', <BleakBluetoothNotAvailableReason.POWERED_OFF: 3>)
2026-09-30 14:31:23,559 - INFO - SensorApp - Lade Daten: messung_20260929_162830_d254s.csv
2026-09-30 14:31:24,814 - ERROR - SensorApp.Bluetooth - Bluetooth-Adapter Fehler: ('Bluetooth radio is not powered on. Turn on Bluetooth and try again.', <BleakBluetoothNotAvailableReason.POWERED_OFF: 3>)
2026-09-30 14:31:29,826 - ERROR - SensorApp.Bluetooth - Bluetooth-Adapter Fehler: ('Bluetooth radio is not powered on. Turn on Bluetooth and try again.', <BleakBluetoothNotAvailableReason.POWERED_OFF: 3>)
2026-09-30 14:31:34,831 - ERROR - SensorApp.Bluetooth - Bluetooth-Adapter Fehler: ('Bluetooth radio is not powered on. Turn on Bluetooth and try again.', <BleakBluetoothNotAvailableReason.POWERED_OFF: 3>)
2026-09-30 14:31:39,841 - ERROR - SensorApp.Bluetooth - Bluetooth-Adapter Fehler: ('Bluetooth radio is not powered on. Turn on Bluetooth and try again.', <BleakBluetoothNotAvailableReason.POWERED_OFF: 3>)
2026-09-30 14:31:44,845 - ERROR - SensorApp.Bluetooth - Bluetooth-Adapter Fehler: ('Bluetooth radio is not powered on. Turn on Bluetooth and try again.', <BleakBluetoothNotAvailableReason.POWERED_OFF: 3>)
2026-09-30 14:31:49,869 - ERROR - SensorApp.Bluetooth - Bluetooth-Adapter Fehler: ('Bluetooth radio is not powered on. Turn on Bluetooth and try again.', <BleakBluetoothNotAvailableReason.POWERED_OFF: 3>)
2026-09-30 14:31:54,881 - ERROR - SensorApp.Bluetooth - Bluetooth-Adapter Fehler: ('Bluetooth radio is not powered on. Turn on Bluetooth and try again.', <BleakBluetoothNotAvailableReason.POWERED_OFF: 3>)
2026-09-30 14:31:59,891 - ERROR - SensorApp.Bluetooth - Bluetooth-Adapter Fehler: ('Bluetooth radio is not powered on. Turn on Bluetooth and try again.', <BleakBluetoothNotAvailableReason.POWERED_OFF: 3>)
2026-09-30 14:32:04,916 - ERROR - SensorApp.Bluetooth - Bluetooth-Adapter Fehler: ('Bluetooth radio is not powered on. Turn on Bluetooth and try again.', <BleakBluetoothNotAvailableReason.POWERED_OFF: 3>)
2026-09-30 14:32:09,932 - ERROR - SensorApp.Bluetooth - Bluetooth-Adapter Fehler: ('Bluetooth radio is not powered on. Turn on Bluetooth and try again.', <BleakBluetoothNotAvailableReason.POWERED_OFF: 3>)
2026-09-30 14:32:14,945 - ERROR - SensorApp.Bluetooth - Bluetooth-Adapter Fehler: ('Bluetooth radio is not powered on. Turn on Bluetooth and try again.', <BleakBluetoothNotAvailableReason.POWERED_OFF: 3>)
2026-09-30 14:32:19,960 - ERROR - SensorApp.Bluetooth - Bluetooth-Adapter Fehler: ('Bluetooth radio is not powered on. Turn on Bluetooth and try again.', <BleakBluetoothNotAvailableReason.POWERED_OFF: 3>)
2026-09-30 14:32:24,960 - ERROR - SensorApp.Bluetooth - Bluetooth-Adapter Fehler: ('Bluetooth radio is not powered on. Turn on Bluetooth and try again.', <BleakBluetoothNotAvailableReason.POWERED_OFF: 3>)
2026-09-30 14:32:29,981 - ERROR - SensorApp.Bluetooth - Bluetooth-Adapter Fehler: ('Bluetooth radio is not powered on. Turn on Bluetooth and try again.', <BleakBluetoothNotAvailableReason.POWERED_OFF: 3>)
2026-09-30 14:32:34,994 - ERROR - SensorApp.Bluetooth - Bluetooth-Adapter Fehler: ('Bluetooth radio is not powered on. Turn on Bluetooth and try again.', <BleakBluetoothNotAvailableReason.POWERED_OFF: 3>)
2026-09-30 14:32:40,009 - ERROR - SensorApp.Bluetooth - Bluetooth-Adapter Fehler: ('Bluetooth radio is not powered on. Turn on Bluetooth and try again.', <BleakBluetoothNotAvailableReason.POWERED_OFF: 3>)
2026-09-30 14:32:45,025 - ERROR - SensorApp.Bluetooth - Bluetooth-Adapter Fehler: ('Bluetooth radio is not powered on. Turn on Bluetooth and try again.', <BleakBluetoothNotAvailableReason.POWERED_OFF: 3>)
2026-09-30 14:32:50,027 - ERROR - SensorApp.Bluetooth - Bluetooth-Adapter Fehler: ('Bluetooth radio is not powered on. Turn on Bluetooth and try again.', <BleakBluetoothNotAvailableReason.POWERED_OFF: 3>)
2026-09-30 14:32:55,047 - ERROR - SensorApp.Bluetooth - Bluetooth-Adapter Fehler: ('Bluetooth radio is not powered on. Turn on Bluetooth and try again.', <BleakBluetoothNotAvailableReason.POWERED_OFF: 3>)
2026-09-30 14:33:00,066 - ERROR - SensorApp.Bluetooth - Bluetooth-Adapter Fehler: ('Bluetooth radio is not powered on. Turn on Bluetooth and try again.', <BleakBluetoothNotAvailableReason.POWERED_OFF: 3>)
2026-09-30 14:33:05,077 - ERROR - SensorApp.Bluetooth - Bluetooth-Adapter Fehler: ('Bluetooth radio is not powered on. Turn on Bluetooth and try again.', <BleakBluetoothNotAvailableReason.POWERED_OFF: 3>)
2026-09-30 14:33:10,100 - ERROR - SensorApp.Bluetooth - Bluetooth-Adapter Fehler: ('Bluetooth radio is not powered on. Turn on Bluetooth and try again.', <BleakBluetoothNotAvailableReason.POWERED_OFF: 3>)
2026-09-30 14:33:15,110 - ERROR - SensorApp.Bluetooth - Bluetooth-Adapter Fehler: ('Bluetooth radio is not powered on. Turn on Bluetooth and try again.', <BleakBluetoothNotAvailableReason.POWERED_OFF: 3>)
2026-09-30 14:33:20,124 - ERROR - SensorApp.Bluetooth - Bluetooth-Adapter Fehler: ('Bluetooth radio is not powered on. Turn on Bluetooth and try again.', <BleakBluetoothNotAvailableReason.POWERED_OFF: 3>)
2026-09-30 14:33:25,127 - ERROR - SensorApp.Bluetooth - Bluetooth-Adapter Fehler: ('Bluetooth radio is not powered on. Turn on Bluetooth and try again.', <BleakBluetoothNotAvailableReason.POWERED_OFF: 3>)
2026-09-30 14:33:30,140 - ERROR - SensorApp.Bluetooth - Bluetooth-Adapter Fehler: ('Bluetooth radio is not powered on. Turn on Bluetooth and try again.', <BleakBluetoothNotAvailableReason.POWERED_OFF: 3>)
2026-09-30 14:33:35,151 - ERROR - SensorApp.Bluetooth - Bluetooth-Adapter Fehler: ('Bluetooth radio is not powered on. Turn on Bluetooth and try again.', <BleakBluetoothNotAvailableReason.POWERED_OFF: 3>)
2026-09-30 14:33:40,172 - ERROR - SensorApp.Bluetooth - Bluetooth-Adapter Fehler: ('Bluetooth radio is not powered on. Turn on Bluetooth and try again.', <BleakBluetoothNotAvailableReason.POWERED_OFF: 3>)
2026-09-30 14:33:45,189 - ERROR - SensorApp.Bluetooth - Bluetooth-Adapter Fehler: ('Bluetooth radio is not powered on. Turn on Bluetooth and try again.', <BleakBluetoothNotAvailableReason.POWERED_OFF: 3>)
2026-09-30 14:33:50,199 - ERROR - SensorApp.Bluetooth - Bluetooth-Adapter Fehler: ('Bluetooth radio is not powered on. Turn on Bluetooth and try again.', <BleakBluetoothNotAvailableReason.POWERED_OFF: 3>)
2026-09-30 14:33:55,216 - ERROR - SensorApp.Bluetooth - Bluetooth-Adapter Fehler: ('Bluetooth radio is not powered on. Turn on Bluetooth and try again.', <BleakBluetoothNotAvailableReason.POWERED_OFF: 3>)
2026-09-30 14:34:00,224 - ERROR - SensorApp.Bluetooth - Bluetooth-Adapter Fehler: ('Bluetooth radio is not powered on. Turn on Bluetooth and try again.', <BleakBluetoothNotAvailableReason.POWERED_OFF: 3>)
2026-09-30 14:34:05,233 - ERROR - SensorApp.Bluetooth - Bluetooth-Adapter Fehler: ('Bluetooth radio is not powered on. Turn on Bluetooth and try again.', <BleakBluetoothNotAvailableReason.POWERED_OFF: 3>)
2026-09-30 14:34:10,207 - INFO - SensorApp - Bereit. Starte automatische Bluetooth-Verbindung...
Tipp: Halte 'x' oder 'y' beim Scrollen für gezielten Zoom!
2026-09-30 14:34:10,723 - INFO - SensorApp.Bluetooth - Automatischer Verbindungsmodus gestartet.
2026-09-30 14:34:10,743 - ERROR - SensorApp.Bluetooth - Bluetooth-Adapter Fehler: ('Bluetooth radio is not powered on. Turn on Bluetooth and try again.', <BleakBluetoothNotAvailableReason.POWERED_OFF: 3>)
2026-09-30 14:34:15,756 - ERROR - SensorApp.Bluetooth - Bluetooth-Adapter Fehler: ('Bluetooth radio is not powered on. Turn on Bluetooth and try again.', <BleakBluetoothNotAvailableReason.POWERED_OFF: 3>)
2026-09-30 14:34:20,758 - ERROR - SensorApp.Bluetooth - Bluetooth-Adapter Fehler: ('Bluetooth radio is not powered on. Turn on Bluetooth and try again.', <BleakBluetoothNotAvailableReason.POWERED_OFF: 3>)
2026-09-30 14:34:25,760 - ERROR - SensorApp.Bluetooth - Bluetooth-Adapter Fehler: ('Bluetooth radio is not powered on. Turn on Bluetooth and try again.', <BleakBluetoothNotAvailableReason.POWERED_OFF: 3>)
2026-09-30 14:34:30,779 - ERROR - SensorApp.Bluetooth - Bluetooth-Adapter Fehler: ('Bluetooth radio is not powered on. Turn on Bluetooth and try again.', <BleakBluetoothNotAvailableReason.POWERED_OFF: 3>)
2026-09-30 14:34:35,793 - ERROR - SensorApp.Bluetooth - Bluetooth-Adapter Fehler: ('Bluetooth radio is not powered on. Turn on Bluetooth and try again.', <BleakBluetoothNotAvailableReason.POWERED_OFF: 3>)
2026-09-30 14:34:36,432 - INFO - SensorApp - Lade Daten: messung_20260929_162538_d254s.csv
2026-09-30 14:34:40,806 - ERROR - SensorApp.Bluetooth - Bluetooth-Adapter Fehler: ('Bluetooth radio is not powered on. Turn on Bluetooth and try again.', <BleakBluetoothNotAvailableReason.POWERED_OFF: 3>)
2026-09-30 14:34:45,825 - ERROR - SensorApp.Bluetooth - Bluetooth-Adapter Fehler: ('Bluetooth radio is not powered on. Turn on Bluetooth and try again.', <BleakBluetoothNotAvailableReason.POWERED_OFF: 3>)
2026-09-30 14:34:50,843 - ERROR - SensorApp.Bluetooth - Bluetooth-Adapter Fehler: ('Bluetooth radio is not powered on. Turn on Bluetooth and try again.', <BleakBluetoothNotAvailableReason.POWERED_OFF: 3>)
2026-09-30 14:34:55,854 - ERROR - SensorApp.Bluetooth - Bluetooth-Adapter Fehler: ('Bluetooth radio is not powered on. Turn on Bluetooth and try again.', <BleakBluetoothNotAvailableReason.POWERED_OFF: 3>)
2026-09-30 14:35:00,859 - ERROR - SensorApp.Bluetooth - Bluetooth-Adapter Fehler: ('Bluetooth radio is not powered on. Turn on Bluetooth and try again.', <BleakBluetoothNotAvailableReason.POWERED_OFF: 3>)
2026-09-30 14:35:05,886 - ERROR - SensorApp.Bluetooth - Bluetooth-Adapter Fehler: ('Bluetooth radio is not powered on. Turn on Bluetooth and try again.', <BleakBluetoothNotAvailableReason.POWERED_OFF: 3>)
2026-09-30 14:35:10,908 - ERROR - SensorApp.Bluetooth - Bluetooth-Adapter Fehler: ('Bluetooth radio is not powered on. Turn on Bluetooth and try again.', <BleakBluetoothNotAvailableReason.POWERED_OFF: 3>)
2026-09-30 14:35:15,922 - ERROR - SensorApp.Bluetooth - Bluetooth-Adapter Fehler: ('Bluetooth radio is not powered on. Turn on Bluetooth and try again.', <BleakBluetoothNotAvailableReason.POWERED_OFF: 3>)
2026-09-30 14:35:20,926 - ERROR - SensorApp.Bluetooth - Bluetooth-Adapter Fehler: ('Bluetooth radio is not powered on. Turn on Bluetooth and try again.', <BleakBluetoothNotAvailableReason.POWERED_OFF: 3>)
2026-09-30 14:35:25,948 - ERROR - SensorApp.Bluetooth - Bluetooth-Adapter Fehler: ('Bluetooth radio is not powered on. Turn on Bluetooth and try again.', <BleakBluetoothNotAvailableReason.POWERED_OFF: 3>)
2026-09-30 14:35:30,958 - ERROR - SensorApp.Bluetooth - Bluetooth-Adapter Fehler: ('Bluetooth radio is not powered on. Turn on Bluetooth and try again.', <BleakBluetoothNotAvailableReason.POWERED_OFF: 3>)
2026-09-30 14:35:35,988 - ERROR - SensorApp.Bluetooth - Bluetooth-Adapter Fehler: ('Bluetooth radio is not powered on. Turn on Bluetooth and try again.', <BleakBluetoothNotAvailableReason.POWERED_OFF: 3>)
2026-09-30 14:35:40,991 - ERROR - SensorApp.Bluetooth - Bluetooth-Adapter Fehler: ('Bluetooth radio is not powered on. Turn on Bluetooth and try again.', <BleakBluetoothNotAvailableReason.POWERED_OFF: 3>)
2026-09-30 14:35:44,470 - INFO - SensorApp - Lade Daten: messung_20260929_163246_d254s.csv
2026-09-30 14:35:46,005 - ERROR - SensorApp.Bluetooth - Bluetooth-Adapter Fehler: ('Bluetooth radio is not powered on. Turn on Bluetooth and try again.', <BleakBluetoothNotAvailableReason.POWERED_OFF: 3>)
2026-09-30 14:35:47,058 - INFO - SensorApp - Lade Daten: messung_20260929_163110_d254s.csv
2026-09-30 14:35:51,008 - ERROR - SensorApp.Bluetooth - Bluetooth-Adapter Fehler: ('Bluetooth radio is not powered on. Turn on Bluetooth and try again.', <BleakBluetoothNotAvailableReason.POWERED_OFF: 3>)
2026-09-30 14:35:56,028 - ERROR - SensorApp.Bluetooth - Bluetooth-Adapter Fehler: ('Bluetooth radio is not powered on. Turn on Bluetooth and try again.', <BleakBluetoothNotAvailableReason.POWERED_OFF: 3>)
2026-09-30 14:35:59,802 - INFO - SensorApp - Lade Daten: messung_20260929_162538_d254s.csv
2026-09-30 14:36:01,038 - ERROR - SensorApp.Bluetooth - Bluetooth-Adapter Fehler: ('Bluetooth radio is not powered on. Turn on Bluetooth and try again.', <BleakBluetoothNotAvailableReason.POWERED_OFF: 3>)
2026-09-30 14:36:04,172 - INFO - SensorApp - Lade Daten: messung_20260929_163110_d254s.csv
2026-09-30 14:36:06,040 - ERROR - SensorApp.Bluetooth - Bluetooth-Adapter Fehler: ('Bluetooth radio is not powered on. Turn on Bluetooth and try again.', <BleakBluetoothNotAvailableReason.POWERED_OFF: 3>)
2026-09-30 14:36:11,059 - ERROR - SensorApp.Bluetooth - Bluetooth-Adapter Fehler: ('Bluetooth radio is not powered on. Turn on Bluetooth and try again.', <BleakBluetoothNotAvailableReason.POWERED_OFF: 3>)
2026-09-30 14:36:16,075 - ERROR - SensorApp.Bluetooth - Bluetooth-Adapter Fehler: ('Bluetooth radio is not powered on. Turn on Bluetooth and try again.', <BleakBluetoothNotAvailableReason.POWERED_OFF: 3>)
2026-09-30 14:36:21,091 - ERROR - SensorApp.Bluetooth - Bluetooth-Adapter Fehler: ('Bluetooth radio is not powered on. Turn on Bluetooth and try again.', <BleakBluetoothNotAvailableReason.POWERED_OFF: 3>)
2026-09-30 14:36:26,109 - ERROR - SensorApp.Bluetooth - Bluetooth-Adapter Fehler: ('Bluetooth radio is not powered on. Turn on Bluetooth and try again.', <BleakBluetoothNotAvailableReason.POWERED_OFF: 3>)
2026-09-30 14:36:31,128 - ERROR - SensorApp.Bluetooth - Bluetooth-Adapter Fehler: ('Bluetooth radio is not powered on. Turn on Bluetooth and try again.', <BleakBluetoothNotAvailableReason.POWERED_OFF: 3>)
2026-09-30 14:36:36,140 - ERROR - SensorApp.Bluetooth - Bluetooth-Adapter Fehler: ('Bluetooth radio is not powered on. Turn on Bluetooth and try again.', <BleakBluetoothNotAvailableReason.POWERED_OFF: 3>)
2026-09-30 14:36:41,142 - ERROR - SensorApp.Bluetooth - Bluetooth-Adapter Fehler: ('Bluetooth radio is not powered on. Turn on Bluetooth and try again.', <BleakBluetoothNotAvailableReason.POWERED_OFF: 3>)
2026-09-30 14:36:46,154 - ERROR - SensorApp.Bluetooth - Bluetooth-Adapter Fehler: ('Bluetooth radio is not powered on. Turn on Bluetooth and try again.', <BleakBluetoothNotAvailableReason.POWERED_OFF: 3>)
2026-09-30 14:36:51,158 - ERROR - SensorApp.Bluetooth - Bluetooth-Adapter Fehler: ('Bluetooth radio is not powered on. Turn on Bluetooth and try again.', <BleakBluetoothNotAvailableReason.POWERED_OFF: 3>)
2026-09-30 14:36:56,173 - ERROR - SensorApp.Bluetooth - Bluetooth-Adapter Fehler: ('Bluetooth radio is not powered on. Turn on Bluetooth and try again.', <BleakBluetoothNotAvailableReason.POWERED_OFF: 3>)
2026-09-30 14:37:01,191 - ERROR - SensorApp.Bluetooth - Bluetooth-Adapter Fehler: ('Bluetooth radio is not powered on. Turn on Bluetooth and try again.', <BleakBluetoothNotAvailableReason.POWERED_OFF: 3>)
2026-09-30 14:37:06,209 - ERROR - SensorApp.Bluetooth - Bluetooth-Adapter Fehler: ('Bluetooth radio is not powered on. Turn on Bluetooth and try again.', <BleakBluetoothNotAvailableReason.POWERED_OFF: 3>)
2026-09-30 14:37:11,226 - ERROR - SensorApp.Bluetooth - Bluetooth-Adapter Fehler: ('Bluetooth radio is not powered on. Turn on Bluetooth and try again.', <BleakBluetoothNotAvailableReason.POWERED_OFF: 3>)
2026-09-30 14:37:16,239 - ERROR - SensorApp.Bluetooth - Bluetooth-Adapter Fehler: ('Bluetooth radio is not powered on. Turn on Bluetooth and try again.', <BleakBluetoothNotAvailableReason.POWERED_OFF: 3>)
2026-09-30 14:37:21,252 - ERROR - SensorApp.Bluetooth - Bluetooth-Adapter Fehler: ('Bluetooth radio is not powered on. Turn on Bluetooth and try again.', <BleakBluetoothNotAvailableReason.POWERED_OFF: 3>)
2026-09-30 14:37:26,265 - ERROR - SensorApp.Bluetooth - Bluetooth-Adapter Fehler: ('Bluetooth radio is not powered on. Turn on Bluetooth and try again.', <BleakBluetoothNotAvailableReason.POWERED_OFF: 3>)
2026-09-30 14:37:31,275 - ERROR - SensorApp.Bluetooth - Bluetooth-Adapter Fehler: ('Bluetooth radio is not powered on. Turn on Bluetooth and try again.', <BleakBluetoothNotAvailableReason.POWERED_OFF: 3>)
2026-09-30 14:37:36,289 - ERROR - SensorApp.Bluetooth - Bluetooth-Adapter Fehler: ('Bluetooth radio is not powered on. Turn on Bluetooth and try again.', <BleakBluetoothNotAvailableReason.POWERED_OFF: 3>)
2026-09-30 14:37:41,306 - ERROR - SensorApp.Bluetooth - Bluetooth-Adapter Fehler: ('Bluetooth radio is not powered on. Turn on Bluetooth and try again.', <BleakBluetoothNotAvailableReason.POWERED_OFF: 3>)
2026-09-30 14:37:46,319 - ERROR - SensorApp.Bluetooth - Bluetooth-Adapter Fehler: ('Bluetooth radio is not powered on. Turn on Bluetooth and try again.', <BleakBluetoothNotAvailableReason.POWERED_OFF: 3>)
2026-09-30 14:37:51,321 - ERROR - SensorApp.Bluetooth - Bluetooth-Adapter Fehler: ('Bluetooth radio is not powered on. Turn on Bluetooth and try again.', <BleakBluetoothNotAvailableReason.POWERED_OFF: 3>)
2026-09-30 14:37:56,340 - ERROR - SensorApp.Bluetooth - Bluetooth-Adapter Fehler: ('Bluetooth radio is not powered on. Turn on Bluetooth and try again.', <BleakBluetoothNotAvailableReason.POWERED_OFF: 3>)
2026-09-30 14:38:01,500 - INFO - SensorApp - Bereit. Starte automatische Bluetooth-Verbindung...
Tipp: Halte 'x' oder 'y' beim Scrollen für gezielten Zoom!
2026-09-30 14:38:02,009 - INFO - SensorApp.Bluetooth - Automatischer Verbindungsmodus gestartet.
2026-09-30 14:38:02,038 - ERROR - SensorApp.Bluetooth - Bluetooth-Adapter Fehler: ('Bluetooth radio is not powered on. Turn on Bluetooth and try again.', <BleakBluetoothNotAvailableReason.POWERED_OFF: 3>)
2026-09-30 14:38:07,039 - ERROR - SensorApp.Bluetooth - Bluetooth-Adapter Fehler: ('Bluetooth radio is not powered on. Turn on Bluetooth and try again.', <BleakBluetoothNotAvailableReason.POWERED_OFF: 3>)
2026-09-30 14:38:12,039 - ERROR - SensorApp.Bluetooth - Bluetooth-Adapter Fehler: ('Bluetooth radio is not powered on. Turn on Bluetooth and try again.', <BleakBluetoothNotAvailableReason.POWERED_OFF: 3>)
2026-09-30 14:38:17,056 - ERROR - SensorApp.Bluetooth - Bluetooth-Adapter Fehler: ('Bluetooth radio is not powered on. Turn on Bluetooth and try again.', <BleakBluetoothNotAvailableReason.POWERED_OFF: 3>)
2026-09-30 14:38:22,068 - ERROR - SensorApp.Bluetooth - Bluetooth-Adapter Fehler: ('Bluetooth radio is not powered on. Turn on Bluetooth and try again.', <BleakBluetoothNotAvailableReason.POWERED_OFF: 3>)
2026-09-30 14:38:27,077 - ERROR - SensorApp.Bluetooth - Bluetooth-Adapter Fehler: ('Bluetooth radio is not powered on. Turn on Bluetooth and try again.', <BleakBluetoothNotAvailableReason.POWERED_OFF: 3>)
2026-09-30 14:38:32,087 - ERROR - SensorApp.Bluetooth - Bluetooth-Adapter Fehler: ('Bluetooth radio is not powered on. Turn on Bluetooth and try again.', <BleakBluetoothNotAvailableReason.POWERED_OFF: 3>)
2026-09-30 14:38:37,088 - ERROR - SensorApp.Bluetooth - Bluetooth-Adapter Fehler: ('Bluetooth radio is not powered on. Turn on Bluetooth and try again.', <BleakBluetoothNotAvailableReason.POWERED_OFF: 3>)
2026-09-30 14:38:42,110 - ERROR - SensorApp.Bluetooth - Bluetooth-Adapter Fehler: ('Bluetooth radio is not powered on. Turn on Bluetooth and try again.', <BleakBluetoothNotAvailableReason.POWERED_OFF: 3>)
2026-09-30 14:38:47,123 - ERROR - SensorApp.Bluetooth - Bluetooth-Adapter Fehler: ('Bluetooth radio is not powered on. Turn on Bluetooth and try again.', <BleakBluetoothNotAvailableReason.POWERED_OFF: 3>)
2026-09-30 14:40:55,264 - INFO - SensorApp - Bereit. Starte automatische Bluetooth-Verbindung...
Tipp: Halte 'x' oder 'y' beim Scrollen für gezielten Zoom!
2026-09-30 14:40:55,771 - INFO - SensorApp.Bluetooth - Automatischer Verbindungsmodus gestartet.
2026-09-30 14:40:55,796 - ERROR - SensorApp.Bluetooth - Bluetooth-Adapter Fehler: ('Bluetooth radio is not powered on. Turn on Bluetooth and try again.', <BleakBluetoothNotAvailableReason.POWERED_OFF: 3>)
2026-09-30 14:41:00,811 - ERROR - SensorApp.Bluetooth - Bluetooth-Adapter Fehler: ('Bluetooth radio is not powered on. Turn on Bluetooth and try again.', <BleakBluetoothNotAvailableReason.POWERED_OFF: 3>)
2026-09-30 14:41:05,816 - ERROR - SensorApp.Bluetooth - Bluetooth-Adapter Fehler: ('Bluetooth radio is not powered on. Turn on Bluetooth and try again.', <BleakBluetoothNotAvailableReason.POWERED_OFF: 3>)
2026-09-30 14:41:10,835 - ERROR - SensorApp.Bluetooth - Bluetooth-Adapter Fehler: ('Bluetooth radio is not powered on. Turn on Bluetooth and try again.', <BleakBluetoothNotAvailableReason.POWERED_OFF: 3>)
2026-09-30 14:41:15,854 - ERROR - SensorApp.Bluetooth - Bluetooth-Adapter Fehler: ('Bluetooth radio is not powered on. Turn on Bluetooth and try again.', <BleakBluetoothNotAvailableReason.POWERED_OFF: 3>)
2026-09-30 14:41:20,883 - ERROR - SensorApp.Bluetooth - Bluetooth-Adapter Fehler: ('Bluetooth radio is not powered on. Turn on Bluetooth and try again.', <BleakBluetoothNotAvailableReason.POWERED_OFF: 3>)
2026-09-30 14:41:25,884 - ERROR - SensorApp.Bluetooth - Bluetooth-Adapter Fehler: ('Bluetooth radio is not powered on. Turn on Bluetooth and try again.', <BleakBluetoothNotAvailableReason.POWERED_OFF: 3>)
2026-09-30 14:41:30,900 - ERROR - SensorApp.Bluetooth - Bluetooth-Adapter Fehler: ('Bluetooth radio is not powered on. Turn on Bluetooth and try again.', <BleakBluetoothNotAvailableReason.POWERED_OFF: 3>)
2026-09-30 14:41:35,924 - ERROR - SensorApp.Bluetooth - Bluetooth-Adapter Fehler: ('Bluetooth radio is not powered on. Turn on Bluetooth and try again.', <BleakBluetoothNotAvailableReason.POWERED_OFF: 3>)
2026-09-30 14:41:40,944 - ERROR - SensorApp.Bluetooth - Bluetooth-Adapter Fehler: ('Bluetooth radio is not powered on. Turn on Bluetooth and try again.', <BleakBluetoothNotAvailableReason.POWERED_OFF: 3>)
2026-09-30 14:41:45,951 - ERROR - SensorApp.Bluetooth - Bluetooth-Adapter Fehler: ('Bluetooth radio is not powered on. Turn on Bluetooth and try again.', <BleakBluetoothNotAvailableReason.POWERED_OFF: 3>)
2026-09-30 14:41:50,964 - ERROR - SensorApp.Bluetooth - Bluetooth-Adapter Fehler: ('Bluetooth radio is not powered on. Turn on Bluetooth and try again.', <BleakBluetoothNotAvailableReason.POWERED_OFF: 3>)
2026-09-30 14:41:55,975 - ERROR - SensorApp.Bluetooth - Bluetooth-Adapter Fehler: ('Bluetooth radio is not powered on. Turn on Bluetooth and try again.', <BleakBluetoothNotAvailableReason.POWERED_OFF: 3>)
2026-09-30 14:42:00,996 - ERROR - SensorApp.Bluetooth - Bluetooth-Adapter Fehler: ('Bluetooth radio is not powered on. Turn on Bluetooth and try again.', <BleakBluetoothNotAvailableReason.POWERED_OFF: 3>)
2026-09-30 14:42:06,001 - ERROR - SensorApp.Bluetooth - Bluetooth-Adapter Fehler: ('Bluetooth radio is not powered on. Turn on Bluetooth and try again.', <BleakBluetoothNotAvailableReason.POWERED_OFF: 3>)
2026-09-30 14:42:11,017 - ERROR - SensorApp.Bluetooth - Bluetooth-Adapter Fehler: ('Bluetooth radio is not powered on. Turn on Bluetooth and try again.', <BleakBluetoothNotAvailableReason.POWERED_OFF: 3>)
2026-09-30 14:42:16,035 - ERROR - SensorApp.Bluetooth - Bluetooth-Adapter Fehler: ('Bluetooth radio is not powered on. Turn on Bluetooth and try again.', <BleakBluetoothNotAvailableReason.POWERED_OFF: 3>)
2026-09-30 14:42:21,037 - ERROR - SensorApp.Bluetooth - Bluetooth-Adapter Fehler: ('Bluetooth radio is not powered on. Turn on Bluetooth and try again.', <BleakBluetoothNotAvailableReason.POWERED_OFF: 3>)
2026-09-30 14:42:26,042 - ERROR - SensorApp.Bluetooth - Bluetooth-Adapter Fehler: ('Bluetooth radio is not powered on. Turn on Bluetooth and try again.', <BleakBluetoothNotAvailableReason.POWERED_OFF: 3>)
2026-09-30 14:42:31,048 - ERROR - SensorApp.Bluetooth - Bluetooth-Adapter Fehler: ('Bluetooth radio is not powered on. Turn on Bluetooth and try again.', <BleakBluetoothNotAvailableReason.POWERED_OFF: 3>)
2026-09-30 14:42:36,057 - ERROR - SensorApp.Bluetooth - Bluetooth-Adapter Fehler: ('Bluetooth radio is not powered on. Turn on Bluetooth and try again.', <BleakBluetoothNotAvailableReason.POWERED_OFF: 3>)
2026-09-30 14:42:41,065 - ERROR - SensorApp.Bluetooth - Bluetooth-Adapter Fehler: ('Bluetooth radio is not powered on. Turn on Bluetooth and try again.', <BleakBluetoothNotAvailableReason.POWERED_OFF: 3>)
2026-09-30 14:42:48,603 - INFO - SensorApp - Bereit. Starte automatische Bluetooth-Verbindung...
Tipp: Halte 'x' oder 'y' beim Scrollen für gezielten Zoom!
2026-09-30 14:42:49,118 - INFO - SensorApp.Bluetooth - Automatischer Verbindungsmodus gestartet.
2026-09-30 14:42:49,144 - ERROR - SensorApp.Bluetooth - Bluetooth-Adapter Fehler: ('Bluetooth radio is not powered on. Turn on Bluetooth and try again.', <BleakBluetoothNotAvailableReason.POWERED_OFF: 3>)
2026-09-30 14:42:54,150 - ERROR - SensorApp.Bluetooth - Bluetooth-Adapter Fehler: ('Bluetooth radio is not powered on. Turn on Bluetooth and try again.', <BleakBluetoothNotAvailableReason.POWERED_OFF: 3>)
2026-09-30 14:42:59,166 - ERROR - SensorApp.Bluetooth - Bluetooth-Adapter Fehler: ('Bluetooth radio is not powered on. Turn on Bluetooth and try again.', <BleakBluetoothNotAvailableReason.POWERED_OFF: 3>)
2026-09-30 14:43:04,182 - ERROR - SensorApp.Bluetooth - Bluetooth-Adapter Fehler: ('Bluetooth radio is not powered on. Turn on Bluetooth and try again.', <BleakBluetoothNotAvailableReason.POWERED_OFF: 3>)
2026-09-30 14:43:09,188 - ERROR - SensorApp.Bluetooth - Bluetooth-Adapter Fehler: ('Bluetooth radio is not powered on. Turn on Bluetooth and try again.', <BleakBluetoothNotAvailableReason.POWERED_OFF: 3>)
2026-09-30 14:43:14,200 - ERROR - SensorApp.Bluetooth - Bluetooth-Adapter Fehler: ('Bluetooth radio is not powered on. Turn on Bluetooth and try again.', <BleakBluetoothNotAvailableReason.POWERED_OFF: 3>)
2026-09-30 14:43:19,213 - ERROR - SensorApp.Bluetooth - Bluetooth-Adapter Fehler: ('Bluetooth radio is not powered on. Turn on Bluetooth and try again.', <BleakBluetoothNotAvailableReason.POWERED_OFF: 3>)
2026-09-30 14:43:24,214 - ERROR - SensorApp.Bluetooth - Bluetooth-Adapter Fehler: ('Bluetooth radio is not powered on. Turn on Bluetooth and try again.', <BleakBluetoothNotAvailableReason.POWERED_OFF: 3>)
2026-09-30 14:43:29,221 - ERROR - SensorApp.Bluetooth - Bluetooth-Adapter Fehler: ('Bluetooth radio is not powered on. Turn on Bluetooth and try again.', <BleakBluetoothNotAvailableReason.POWERED_OFF: 3>)
2026-09-30 14:43:34,222 - ERROR - SensorApp.Bluetooth - Bluetooth-Adapter Fehler: ('Bluetooth radio is not powered on. Turn on Bluetooth and try again.', <BleakBluetoothNotAvailableReason.POWERED_OFF: 3>)
2026-09-30 14:43:39,232 - ERROR - SensorApp.Bluetooth - Bluetooth-Adapter Fehler: ('Bluetooth radio is not powered on. Turn on Bluetooth and try again.', <BleakBluetoothNotAvailableReason.POWERED_OFF: 3>)
2026-09-30 14:43:44,237 - ERROR - SensorApp.Bluetooth - Bluetooth-Adapter Fehler: ('Bluetooth radio is not powered on. Turn on Bluetooth and try again.', <BleakBluetoothNotAvailableReason.POWERED_OFF: 3>)
2026-09-30 14:43:49,245 - ERROR - SensorApp.Bluetooth - Bluetooth-Adapter Fehler: ('Bluetooth radio is not powered on. Turn on Bluetooth and try again.', <BleakBluetoothNotAvailableReason.POWERED_OFF: 3>)
2026-09-30 14:43:54,265 - ERROR - SensorApp.Bluetooth - Bluetooth-Adapter Fehler: ('Bluetooth radio is not powered on. Turn on Bluetooth and try again.', <BleakBluetoothNotAvailableReason.POWERED_OFF: 3>)
2026-09-30 14:43:59,287 - ERROR - SensorApp.Bluetooth - Bluetooth-Adapter Fehler: ('Bluetooth radio is not powered on. Turn on Bluetooth and try again.', <BleakBluetoothNotAvailableReason.POWERED_OFF: 3>)
2026-09-30 14:44:04,308 - ERROR - SensorApp.Bluetooth - Bluetooth-Adapter Fehler: ('Bluetooth radio is not powered on. Turn on Bluetooth and try again.', <BleakBluetoothNotAvailableReason.POWERED_OFF: 3>)
2026-09-30 14:44:09,319 - ERROR - SensorApp.Bluetooth - Bluetooth-Adapter Fehler: ('Bluetooth radio is not powered on. Turn on Bluetooth and try again.', <BleakBluetoothNotAvailableReason.POWERED_OFF: 3>)
2026-09-30 14:44:14,327 - ERROR - SensorApp.Bluetooth - Bluetooth-Adapter Fehler: ('Bluetooth radio is not powered on. Turn on Bluetooth and try again.', <BleakBluetoothNotAvailableReason.POWERED_OFF: 3>)
2026-09-30 14:44:19,338 - ERROR - SensorApp.Bluetooth - Bluetooth-Adapter Fehler: ('Bluetooth radio is not powered on. Turn on Bluetooth and try again.', <BleakBluetoothNotAvailableReason.POWERED_OFF: 3>)
2026-09-30 14:44:24,352 - ERROR - SensorApp.Bluetooth - Bluetooth-Adapter Fehler: ('Bluetooth radio is not powered on. Turn on Bluetooth and try again.', <BleakBluetoothNotAvailableReason.POWERED_OFF: 3>)
2026-09-30 14:44:29,356 - ERROR - SensorApp.Bluetooth - Bluetooth-Adapter Fehler: ('Bluetooth radio is not powered on. Turn on Bluetooth and try again.', <BleakBluetoothNotAvailableReason.POWERED_OFF: 3>)
2026-09-30 14:44:34,364 - ERROR - SensorApp.Bluetooth - Bluetooth-Adapter Fehler: ('Bluetooth radio is not powered on. Turn on Bluetooth and try again.', <BleakBluetoothNotAvailableReason.POWERED_OFF: 3>)
2026-09-30 14:44:39,371 - ERROR - SensorApp.Bluetooth - Bluetooth-Adapter Fehler: ('Bluetooth radio is not powered on. Turn on Bluetooth and try again.', <BleakBluetoothNotAvailableReason.POWERED_OFF: 3>)
2026-09-30 14:44:44,377 - ERROR - SensorApp.Bluetooth - Bluetooth-Adapter Fehler: ('Bluetooth radio is not powered on. Turn on Bluetooth and try again.', <BleakBluetoothNotAvailableReason.POWERED_OFF: 3>)
2026-09-30 14:44:49,389 - ERROR - SensorApp.Bluetooth - Bluetooth-Adapter Fehler: ('Bluetooth radio is not powered on. Turn on Bluetooth and try again.', <BleakBluetoothNotAvailableReason.POWERED_OFF: 3>)
2026-09-30 14:44:54,400 - ERROR - SensorApp.Bluetooth - Bluetooth-Adapter Fehler: ('Bluetooth radio is not powered on. Turn on Bluetooth and try again.', <BleakBluetoothNotAvailableReason.POWERED_OFF: 3>)
2026-09-30 14:44:59,417 - ERROR - SensorApp.Bluetooth - Bluetooth-Adapter Fehler: ('Bluetooth radio is not powered on. Turn on Bluetooth and try again.', <BleakBluetoothNotAvailableReason.POWERED_OFF: 3>)
2026-09-30 14:45:04,435 - ERROR - SensorApp.Bluetooth - Bluetooth-Adapter Fehler: ('Bluetooth radio is not powered on. Turn on Bluetooth and try again.', <BleakBluetoothNotAvailableReason.POWERED_OFF: 3>)
2026-09-30 14:45:09,446 - ERROR - SensorApp.Bluetooth - Bluetooth-Adapter Fehler: ('Bluetooth radio is not powered on. Turn on Bluetooth and try again.', <BleakBluetoothNotAvailableReason.POWERED_OFF: 3>)
2026-09-30 14:45:14,462 - ERROR - SensorApp.Bluetooth - Bluetooth-Adapter Fehler: ('Bluetooth radio is not powered on. Turn on Bluetooth and try again.', <BleakBluetoothNotAvailableReason.POWERED_OFF: 3>)
2026-09-30 14:45:19,483 - ERROR - SensorApp.Bluetooth - Bluetooth-Adapter Fehler: ('Bluetooth radio is not powered on. Turn on Bluetooth and try again.', <BleakBluetoothNotAvailableReason.POWERED_OFF: 3>)
2026-09-30 14:45:24,497 - ERROR - SensorApp.Bluetooth - Bluetooth-Adapter Fehler: ('Bluetooth radio is not powered on. Turn on Bluetooth and try again.', <BleakBluetoothNotAvailableReason.POWERED_OFF: 3>)
2026-09-30 14:45:29,508 - ERROR - SensorApp.Bluetooth - Bluetooth-Adapter Fehler: ('Bluetooth radio is not powered on. Turn on Bluetooth and try again.', <BleakBluetoothNotAvailableReason.POWERED_OFF: 3>)
2026-09-30 14:45:34,520 - ERROR - SensorApp.Bluetooth - Bluetooth-Adapter Fehler: ('Bluetooth radio is not powered on. Turn on Bluetooth and try again.', <BleakBluetoothNotAvailableReason.POWERED_OFF: 3>)
2026-09-30 14:45:39,543 - ERROR - SensorApp.Bluetooth - Bluetooth-Adapter Fehler: ('Bluetooth radio is not powered on. Turn on Bluetooth and try again.', <BleakBluetoothNotAvailableReason.POWERED_OFF: 3>)
2026-09-30 14:45:44,560 - ERROR - SensorApp.Bluetooth - Bluetooth-Adapter Fehler: ('Bluetooth radio is not powered on. Turn on Bluetooth and try again.', <BleakBluetoothNotAvailableReason.POWERED_OFF: 3>)
2026-09-30 14:45:49,569 - ERROR - SensorApp.Bluetooth - Bluetooth-Adapter Fehler: ('Bluetooth radio is not powered on. Turn on Bluetooth and try again.', <BleakBluetoothNotAvailableReason.POWERED_OFF: 3>)
2026-09-30 14:45:54,583 - ERROR - SensorApp.Bluetooth - Bluetooth-Adapter Fehler: ('Bluetooth radio is not powered on. Turn on Bluetooth and try again.', <BleakBluetoothNotAvailableReason.POWERED_OFF: 3>)
2026-09-30 14:45:59,590 - ERROR - SensorApp.Bluetooth - Bluetooth-Adapter Fehler: ('Bluetooth radio is not powered on. Turn on Bluetooth and try again.', <BleakBluetoothNotAvailableReason.POWERED_OFF: 3>)
2026-09-30 14:46:04,598 - ERROR - SensorApp.Bluetooth - Bluetooth-Adapter Fehler: ('Bluetooth radio is not powered on. Turn on Bluetooth and try again.', <BleakBluetoothNotAvailableReason.POWERED_OFF: 3>)
2026-09-30 14:46:09,615 - ERROR - SensorApp.Bluetooth - Bluetooth-Adapter Fehler: ('Bluetooth radio is not powered on. Turn on Bluetooth and try again.', <BleakBluetoothNotAvailableReason.POWERED_OFF: 3>)
2026-09-30 14:46:14,636 - ERROR - SensorApp.Bluetooth - Bluetooth-Adapter Fehler: ('Bluetooth radio is not powered on. Turn on Bluetooth and try again.', <BleakBluetoothNotAvailableReason.POWERED_OFF: 3>)
2026-09-30 14:46:19,660 - ERROR - SensorApp.Bluetooth - Bluetooth-Adapter Fehler: ('Bluetooth radio is not powered on. Turn on Bluetooth and try again.', <BleakBluetoothNotAvailableReason.POWERED_OFF: 3>)
2026-09-30 14:46:24,666 - ERROR - SensorApp.Bluetooth - Bluetooth-Adapter Fehler: ('Bluetooth radio is not powered on. Turn on Bluetooth and try again.', <BleakBluetoothNotAvailableReason.POWERED_OFF: 3>)
2026-09-30 14:46:29,683 - ERROR - SensorApp.Bluetooth - Bluetooth-Adapter Fehler: ('Bluetooth radio is not powered on. Turn on Bluetooth and try again.', <BleakBluetoothNotAvailableReason.POWERED_OFF: 3>)
2026-09-30 14:46:34,701 - ERROR - SensorApp.Bluetooth - Bluetooth-Adapter Fehler: ('Bluetooth radio is not powered on. Turn on Bluetooth and try again.', <BleakBluetoothNotAvailableReason.POWERED_OFF: 3>)
2026-09-30 14:46:39,717 - ERROR - SensorApp.Bluetooth - Bluetooth-Adapter Fehler: ('Bluetooth radio is not powered on. Turn on Bluetooth and try again.', <BleakBluetoothNotAvailableReason.POWERED_OFF: 3>)
2026-09-30 14:46:44,731 - ERROR - SensorApp.Bluetooth - Bluetooth-Adapter Fehler: ('Bluetooth radio is not powered on. Turn on Bluetooth and try again.', <BleakBluetoothNotAvailableReason.POWERED_OFF: 3>)
2026-09-30 14:46:49,750 - ERROR - SensorApp.Bluetooth - Bluetooth-Adapter Fehler: ('Bluetooth radio is not powered on. Turn on Bluetooth and try again.', <BleakBluetoothNotAvailableReason.POWERED_OFF: 3>)
2026-09-30 14:46:54,765 - ERROR - SensorApp.Bluetooth - Bluetooth-Adapter Fehler: ('Bluetooth radio is not powered on. Turn on Bluetooth and try again.', <BleakBluetoothNotAvailableReason.POWERED_OFF: 3>)
2026-09-30 14:46:59,786 - ERROR - SensorApp.Bluetooth - Bluetooth-Adapter Fehler: ('Bluetooth radio is not powered on. Turn on Bluetooth and try again.', <BleakBluetoothNotAvailableReason.POWERED_OFF: 3>)
2026-09-30 14:47:04,809 - ERROR - SensorApp.Bluetooth - Bluetooth-Adapter Fehler: ('Bluetooth radio is not powered on. Turn on Bluetooth and try again.', <BleakBluetoothNotAvailableReason.POWERED_OFF: 3>)
2026-09-30 14:47:09,826 - ERROR - SensorApp.Bluetooth - Bluetooth-Adapter Fehler: ('Bluetooth radio is not powered on. Turn on Bluetooth and try again.', <BleakBluetoothNotAvailableReason.POWERED_OFF: 3>)
2026-09-30 14:47:14,846 - ERROR - SensorApp.Bluetooth - Bluetooth-Adapter Fehler: ('Bluetooth radio is not powered on. Turn on Bluetooth and try again.', <BleakBluetoothNotAvailableReason.POWERED_OFF: 3>)
2026-09-30 14:47:19,866 - ERROR - SensorApp.Bluetooth - Bluetooth-Adapter Fehler: ('Bluetooth radio is not powered on. Turn on Bluetooth and try again.', <BleakBluetoothNotAvailableReason.POWERED_OFF: 3>)
2026-09-30 14:47:24,882 - ERROR - SensorApp.Bluetooth - Bluetooth-Adapter Fehler: ('Bluetooth radio is not powered on. Turn on Bluetooth and try again.', <BleakBluetoothNotAvailableReason.POWERED_OFF: 3>)
2026-09-30 14:47:29,904 - ERROR - SensorApp.Bluetooth - Bluetooth-Adapter Fehler: ('Bluetooth radio is not powered on. Turn on Bluetooth and try again.', <BleakBluetoothNotAvailableReason.POWERED_OFF: 3>)
2026-09-30 14:47:34,915 - ERROR - SensorApp.Bluetooth - Bluetooth-Adapter Fehler: ('Bluetooth radio is not powered on. Turn on Bluetooth and try again.', <BleakBluetoothNotAvailableReason.POWERED_OFF: 3>)
2026-09-30 14:47:39,923 - ERROR - SensorApp.Bluetooth - Bluetooth-Adapter Fehler: ('Bluetooth radio is not powered on. Turn on Bluetooth and try again.', <BleakBluetoothNotAvailableReason.POWERED_OFF: 3>)
2026-09-30 14:47:44,947 - ERROR - SensorApp.Bluetooth - Bluetooth-Adapter Fehler: ('Bluetooth radio is not powered on. Turn on Bluetooth and try again.', <BleakBluetoothNotAvailableReason.POWERED_OFF: 3>)
2026-09-30 14:47:49,965 - ERROR - SensorApp.Bluetooth - Bluetooth-Adapter Fehler: ('Bluetooth radio is not powered on. Turn on Bluetooth and try again.', <BleakBluetoothNotAvailableReason.POWERED_OFF: 3>)
2026-09-30 14:47:54,980 - ERROR - SensorApp.Bluetooth - Bluetooth-Adapter Fehler: ('Bluetooth radio is not powered on. Turn on Bluetooth and try again.', <BleakBluetoothNotAvailableReason.POWERED_OFF: 3>)
2026-09-30 14:48:00,004 - ERROR - SensorApp.Bluetooth - Bluetooth-Adapter Fehler: ('Bluetooth radio is not powered on. Turn on Bluetooth and try again.', <BleakBluetoothNotAvailableReason.POWERED_OFF: 3>)
2026-09-30 14:48:05,023 - ERROR - SensorApp.Bluetooth - Bluetooth-Adapter Fehler: ('Bluetooth radio is not powered on. Turn on Bluetooth and try again.', <BleakBluetoothNotAvailableReason.POWERED_OFF: 3>)
2026-09-30 14:48:10,028 - ERROR - SensorApp.Bluetooth - Bluetooth-Adapter Fehler: ('Bluetooth radio is not powered on. Turn on Bluetooth and try again.', <BleakBluetoothNotAvailableReason.POWERED_OFF: 3>)
2026-09-30 14:48:15,041 - ERROR - SensorApp.Bluetooth - Bluetooth-Adapter Fehler: ('Bluetooth radio is not powered on. Turn on Bluetooth and try again.', <BleakBluetoothNotAvailableReason.POWERED_OFF: 3>)
2026-09-30 14:48:20,051 - ERROR - SensorApp.Bluetooth - Bluetooth-Adapter Fehler: ('Bluetooth radio is not powered on. Turn on Bluetooth and try again.', <BleakBluetoothNotAvailableReason.POWERED_OFF: 3>)
2026-09-30 14:48:25,064 - ERROR - SensorApp.Bluetooth - Bluetooth-Adapter Fehler: ('Bluetooth radio is not powered on. Turn on Bluetooth and try again.', <BleakBluetoothNotAvailableReason.POWERED_OFF: 3>)
2026-09-30 14:48:30,078 - ERROR - SensorApp.Bluetooth - Bluetooth-Adapter Fehler: ('Bluetooth radio is not powered on. Turn on Bluetooth and try again.', <BleakBluetoothNotAvailableReason.POWERED_OFF: 3>)
2026-09-30 14:48:35,099 - ERROR - SensorApp.Bluetooth - Bluetooth-Adapter Fehler: ('Bluetooth radio is not powered on. Turn on Bluetooth and try again.', <BleakBluetoothNotAvailableReason.POWERED_OFF: 3>)
2026-09-30 14:48:40,108 - ERROR - SensorApp.Bluetooth - Bluetooth-Adapter Fehler: ('Bluetooth radio is not powered on. Turn on Bluetooth and try again.', <BleakBluetoothNotAvailableReason.POWERED_OFF: 3>)
2026-09-30 14:48:45,129 - ERROR - SensorApp.Bluetooth - Bluetooth-Adapter Fehler: ('Bluetooth radio is not powered on. Turn on Bluetooth and try again.', <BleakBluetoothNotAvailableReason.POWERED_OFF: 3>)
2026-09-30 14:48:50,143 - ERROR - SensorApp.Bluetooth - Bluetooth-Adapter Fehler: ('Bluetooth radio is not powered on. Turn on Bluetooth and try again.', <BleakBluetoothNotAvailableReason.POWERED_OFF: 3>)
2026-09-30 14:48:55,167 - ERROR - SensorApp.Bluetooth - Bluetooth-Adapter Fehler: ('Bluetooth radio is not powered on. Turn on Bluetooth and try again.', <BleakBluetoothNotAvailableReason.POWERED_OFF: 3>)
2026-09-30 14:49:00,185 - ERROR - SensorApp.Bluetooth - Bluetooth-Adapter Fehler: ('Bluetooth radio is not powered on. Turn on Bluetooth and try again.', <BleakBluetoothNotAvailableReason.POWERED_OFF: 3>)
2026-09-30 14:49:05,191 - ERROR - SensorApp.Bluetooth - Bluetooth-Adapter Fehler: ('Bluetooth radio is not powered on. Turn on Bluetooth and try again.', <BleakBluetoothNotAvailableReason.POWERED_OFF: 3>)
2026-09-30 14:49:10,214 - ERROR - SensorApp.Bluetooth - Bluetooth-Adapter Fehler: ('Bluetooth radio is not powered on. Turn on Bluetooth and try again.', <BleakBluetoothNotAvailableReason.POWERED_OFF: 3>)
2026-09-30 14:49:15,222 - ERROR - SensorApp.Bluetooth - Bluetooth-Adapter Fehler: ('Bluetooth radio is not powered on. Turn on Bluetooth and try again.', <BleakBluetoothNotAvailableReason.POWERED_OFF: 3>)
2026-09-30 14:49:20,236 - ERROR - SensorApp.Bluetooth - Bluetooth-Adapter Fehler: ('Bluetooth radio is not powered on. Turn on Bluetooth and try again.', <BleakBluetoothNotAvailableReason.POWERED_OFF: 3>)
2026-09-30 14:49:25,252 - ERROR - SensorApp.Bluetooth - Bluetooth-Adapter Fehler: ('Bluetooth radio is not powered on. Turn on Bluetooth and try again.', <BleakBluetoothNotAvailableReason.POWERED_OFF: 3>)
2026-09-30 14:49:30,267 - ERROR - SensorApp.Bluetooth - Bluetooth-Adapter Fehler: ('Bluetooth radio is not powered on. Turn on Bluetooth and try again.', <BleakBluetoothNotAvailableReason.POWERED_OFF: 3>)
2026-09-30 14:49:35,279 - ERROR - SensorApp.Bluetooth - Bluetooth-Adapter Fehler: ('Bluetooth radio is not powered on. Turn on Bluetooth and try again.', <BleakBluetoothNotAvailableReason.POWERED_OFF: 3>)
2026-09-30 14:49:40,299 - ERROR - SensorApp.Bluetooth - Bluetooth-Adapter Fehler: ('Bluetooth radio is not powered on. Turn on Bluetooth and try again.', <BleakBluetoothNotAvailableReason.POWERED_OFF: 3>)
2026-09-30 14:49:45,316 - ERROR - SensorApp.Bluetooth - Bluetooth-Adapter Fehler: ('Bluetooth radio is not powered on. Turn on Bluetooth and try again.', <BleakBluetoothNotAvailableReason.POWERED_OFF: 3>)
2026-09-30 14:49:50,339 - ERROR - SensorApp.Bluetooth - Bluetooth-Adapter Fehler: ('Bluetooth radio is not powered on. Turn on Bluetooth and try again.', <BleakBluetoothNotAvailableReason.POWERED_OFF: 3>)
2026-09-30 14:49:55,343 - ERROR - SensorApp.Bluetooth - Bluetooth-Adapter Fehler: ('Bluetooth radio is not powered on. Turn on Bluetooth and try again.', <BleakBluetoothNotAvailableReason.POWERED_OFF: 3>)
2026-09-30 14:50:00,362 - ERROR - SensorApp.Bluetooth - Bluetooth-Adapter Fehler: ('Bluetooth radio is not powered on. Turn on Bluetooth and try again.', <BleakBluetoothNotAvailableReason.POWERED_OFF: 3>)
2026-09-30 14:50:05,369 - ERROR - SensorApp.Bluetooth - Bluetooth-Adapter Fehler: ('Bluetooth radio is not powered on. Turn on Bluetooth and try again.', <BleakBluetoothNotAvailableReason.POWERED_OFF: 3>)
2026-09-30 14:50:10,388 - ERROR - SensorApp.Bluetooth - Bluetooth-Adapter Fehler: ('Bluetooth radio is not powered on. Turn on Bluetooth and try again.', <BleakBluetoothNotAvailableReason.POWERED_OFF: 3>)
2026-09-30 14:50:15,399 - ERROR - SensorApp.Bluetooth - Bluetooth-Adapter Fehler: ('Bluetooth radio is not powered on. Turn on Bluetooth and try again.', <BleakBluetoothNotAvailableReason.POWERED_OFF: 3>)
2026-09-30 14:50:20,417 - ERROR - SensorApp.Bluetooth - Bluetooth-Adapter Fehler: ('Bluetooth radio is not powered on. Turn on Bluetooth and try again.', <BleakBluetoothNotAvailableReason.POWERED_OFF: 3>)
2026-09-30 14:50:25,436 - ERROR - SensorApp.Bluetooth - Bluetooth-Adapter Fehler: ('Bluetooth radio is not powered on. Turn on Bluetooth and try again.', <BleakBluetoothNotAvailableReason.POWERED_OFF: 3>)
2026-09-30 14:50:30,449 - ERROR - SensorApp.Bluetooth - Bluetooth-Adapter Fehler: ('Bluetooth radio is not powered on. Turn on Bluetooth and try again.', <BleakBluetoothNotAvailableReason.POWERED_OFF: 3>)
2026-09-30 14:50:35,459 - ERROR - SensorApp.Bluetooth - Bluetooth-Adapter Fehler: ('Bluetooth radio is not powered on. Turn on Bluetooth and try again.', <BleakBluetoothNotAvailableReason.POWERED_OFF: 3>)
2026-09-30 14:50:40,470 - ERROR - SensorApp.Bluetooth - Bluetooth-Adapter Fehler: ('Bluetooth radio is not powered on. Turn on Bluetooth and try again.', <BleakBluetoothNotAvailableReason.POWERED_OFF: 3>)
2026-09-30 14:50:45,484 - ERROR - SensorApp.Bluetooth - Bluetooth-Adapter Fehler: ('Bluetooth radio is not powered on. Turn on Bluetooth and try again.', <BleakBluetoothNotAvailableReason.POWERED_OFF: 3>)
2026-09-30 14:50:50,498 - ERROR - SensorApp.Bluetooth - Bluetooth-Adapter Fehler: ('Bluetooth radio is not powered on. Turn on Bluetooth and try again.', <BleakBluetoothNotAvailableReason.POWERED_OFF: 3>)
2026-09-30 14:50:55,505 - ERROR - SensorApp.Bluetooth - Bluetooth-Adapter Fehler: ('Bluetooth radio is not powered on. Turn on Bluetooth and try again.', <BleakBluetoothNotAvailableReason.POWERED_OFF: 3>)
2026-09-30 14:51:00,522 - ERROR - SensorApp.Bluetooth - Bluetooth-Adapter Fehler: ('Bluetooth radio is not powered on. Turn on Bluetooth and try again.', <BleakBluetoothNotAvailableReason.POWERED_OFF: 3>)
2026-09-30 14:51:05,543 - ERROR - SensorApp.Bluetooth - Bluetooth-Adapter Fehler: ('Bluetooth radio is not powered on. Turn on Bluetooth and try again.', <BleakBluetoothNotAvailableReason.POWERED_OFF: 3>)
2026-09-30 14:51:10,566 - ERROR - SensorApp.Bluetooth - Bluetooth-Adapter Fehler: ('Bluetooth radio is not powered on. Turn on Bluetooth and try again.', <BleakBluetoothNotAvailableReason.POWERED_OFF: 3>)
2026-09-30 14:51:15,587 - ERROR - SensorApp.Bluetooth - Bluetooth-Adapter Fehler: ('Bluetooth radio is not powered on. Turn on Bluetooth and try again.', <BleakBluetoothNotAvailableReason.POWERED_OFF: 3>)
2026-09-30 14:51:20,608 - ERROR - SensorApp.Bluetooth - Bluetooth-Adapter Fehler: ('Bluetooth radio is not powered on. Turn on Bluetooth and try again.', <BleakBluetoothNotAvailableReason.POWERED_OFF: 3>)
2026-09-30 14:51:25,634 - ERROR - SensorApp.Bluetooth - Bluetooth-Adapter Fehler: ('Bluetooth radio is not powered on. Turn on Bluetooth and try again.', <BleakBluetoothNotAvailableReason.POWERED_OFF: 3>)
2026-09-30 14:51:30,651 - ERROR - SensorApp.Bluetooth - Bluetooth-Adapter Fehler: ('Bluetooth radio is not powered on. Turn on Bluetooth and try again.', <BleakBluetoothNotAvailableReason.POWERED_OFF: 3>)
2026-09-30 14:51:35,665 - ERROR - SensorApp.Bluetooth - Bluetooth-Adapter Fehler: ('Bluetooth radio is not powered on. Turn on Bluetooth and try again.', <BleakBluetoothNotAvailableReason.POWERED_OFF: 3>)
2026-09-30 14:51:40,680 - ERROR - SensorApp.Bluetooth - Bluetooth-Adapter Fehler: ('Bluetooth radio is not powered on. Turn on Bluetooth and try again.', <BleakBluetoothNotAvailableReason.POWERED_OFF: 3>)
2026-09-30 14:51:45,686 - ERROR - SensorApp.Bluetooth - Bluetooth-Adapter Fehler: ('Bluetooth radio is not powered on. Turn on Bluetooth and try again.', <BleakBluetoothNotAvailableReason.POWERED_OFF: 3>)
2026-09-30 14:51:50,695 - ERROR - SensorApp.Bluetooth - Bluetooth-Adapter Fehler: ('Bluetooth radio is not powered on. Turn on Bluetooth and try again.', <BleakBluetoothNotAvailableReason.POWERED_OFF: 3>)
2026-09-30 14:51:55,714 - ERROR - SensorApp.Bluetooth - Bluetooth-Adapter Fehler: ('Bluetooth radio is not powered on. Turn on Bluetooth and try again.', <BleakBluetoothNotAvailableReason.POWERED_OFF: 3>)
2026-09-30 14:52:00,724 - ERROR - SensorApp.Bluetooth - Bluetooth-Adapter Fehler: ('Bluetooth radio is not powered on. Turn on Bluetooth and try again.', <BleakBluetoothNotAvailableReason.POWERED_OFF: 3>)
2026-09-30 14:52:05,733 - ERROR - SensorApp.Bluetooth - Bluetooth-Adapter Fehler: ('Bluetooth radio is not powered on. Turn on Bluetooth and try again.', <BleakBluetoothNotAvailableReason.POWERED_OFF: 3>)
2026-09-30 14:52:10,755 - ERROR - SensorApp.Bluetooth - Bluetooth-Adapter Fehler: ('Bluetooth radio is not powered on. Turn on Bluetooth and try again.', <BleakBluetoothNotAvailableReason.POWERED_OFF: 3>)
2026-09-30 14:52:15,773 - ERROR - SensorApp.Bluetooth - Bluetooth-Adapter Fehler: ('Bluetooth radio is not powered on. Turn on Bluetooth and try again.', <BleakBluetoothNotAvailableReason.POWERED_OFF: 3>)
2026-09-30 14:52:20,787 - ERROR - SensorApp.Bluetooth - Bluetooth-Adapter Fehler: ('Bluetooth radio is not powered on. Turn on Bluetooth and try again.', <BleakBluetoothNotAvailableReason.POWERED_OFF: 3>)
2026-09-30 14:52:25,806 - ERROR - SensorApp.Bluetooth - Bluetooth-Adapter Fehler: ('Bluetooth radio is not powered on. Turn on Bluetooth and try again.', <BleakBluetoothNotAvailableReason.POWERED_OFF: 3>)
2026-09-30 14:52:30,818 - ERROR - SensorApp.Bluetooth - Bluetooth-Adapter Fehler: ('Bluetooth radio is not powered on. Turn on Bluetooth and try again.', <BleakBluetoothNotAvailableReason.POWERED_OFF: 3>)
2026-09-30 14:52:35,834 - ERROR - SensorApp.Bluetooth - Bluetooth-Adapter Fehler: ('Bluetooth radio is not powered on. Turn on Bluetooth and try again.', <BleakBluetoothNotAvailableReason.POWERED_OFF: 3>)
2026-09-30 14:52:40,853 - ERROR - SensorApp.Bluetooth - Bluetooth-Adapter Fehler: ('Bluetooth radio is not powered on. Turn on Bluetooth and try again.', <BleakBluetoothNotAvailableReason.POWERED_OFF: 3>)
2026-09-30 14:52:45,873 - ERROR - SensorApp.Bluetooth - Bluetooth-Adapter Fehler: ('Bluetooth radio is not powered on. Turn on Bluetooth and try again.', <BleakBluetoothNotAvailableReason.POWERED_OFF: 3>)
2026-09-30 14:52:50,886 - ERROR - SensorApp.Bluetooth - Bluetooth-Adapter Fehler: ('Bluetooth radio is not powered on. Turn on Bluetooth and try again.', <BleakBluetoothNotAvailableReason.POWERED_OFF: 3>)
2026-09-30 14:52:55,906 - ERROR - SensorApp.Bluetooth - Bluetooth-Adapter Fehler: ('Bluetooth radio is not powered on. Turn on Bluetooth and try again.', <BleakBluetoothNotAvailableReason.POWERED_OFF: 3>)
2026-09-30 14:53:00,919 - ERROR - SensorApp.Bluetooth - Bluetooth-Adapter Fehler: ('Bluetooth radio is not powered on. Turn on Bluetooth and try again.', <BleakBluetoothNotAvailableReason.POWERED_OFF: 3>)
2026-09-30 14:53:05,927 - ERROR - SensorApp.Bluetooth - Bluetooth-Adapter Fehler: ('Bluetooth radio is not powered on. Turn on Bluetooth and try again.', <BleakBluetoothNotAvailableReason.POWERED_OFF: 3>)
2026-09-30 14:53:10,950 - ERROR - SensorApp.Bluetooth - Bluetooth-Adapter Fehler: ('Bluetooth radio is not powered on. Turn on Bluetooth and try again.', <BleakBluetoothNotAvailableReason.POWERED_OFF: 3>)
2026-09-30 14:53:15,966 - ERROR - SensorApp.Bluetooth - Bluetooth-Adapter Fehler: ('Bluetooth radio is not powered on. Turn on Bluetooth and try again.', <BleakBluetoothNotAvailableReason.POWERED_OFF: 3>)
2026-09-30 14:53:20,979 - ERROR - SensorApp.Bluetooth - Bluetooth-Adapter Fehler: ('Bluetooth radio is not powered on. Turn on Bluetooth and try again.', <BleakBluetoothNotAvailableReason.POWERED_OFF: 3>)
2026-09-30 14:53:25,991 - ERROR - SensorApp.Bluetooth - Bluetooth-Adapter Fehler: ('Bluetooth radio is not powered on. Turn on Bluetooth and try again.', <BleakBluetoothNotAvailableReason.POWERED_OFF: 3>)
2026-09-30 14:53:31,012 - ERROR - SensorApp.Bluetooth - Bluetooth-Adapter Fehler: ('Bluetooth radio is not powered on. Turn on Bluetooth and try again.', <BleakBluetoothNotAvailableReason.POWERED_OFF: 3>)
2026-09-30 14:53:36,027 - ERROR - SensorApp.Bluetooth - Bluetooth-Adapter Fehler: ('Bluetooth radio is not powered on. Turn on Bluetooth and try again.', <BleakBluetoothNotAvailableReason.POWERED_OFF: 3>)
2026-09-30 14:53:41,036 - ERROR - SensorApp.Bluetooth - Bluetooth-Adapter Fehler: ('Bluetooth radio is not powered on. Turn on Bluetooth and try again.', <BleakBluetoothNotAvailableReason.POWERED_OFF: 3>)
2026-09-30 14:53:46,281 - ERROR - SensorApp.Bluetooth - Bluetooth-Adapter Fehler: ('Bluetooth radio is not powered on. Turn on Bluetooth and try again.', <BleakBluetoothNotAvailableReason.POWERED_OFF: 3>)
2026-09-30 14:53:51,297 - ERROR - SensorApp.Bluetooth - Bluetooth-Adapter Fehler: ('Bluetooth radio is not powered on. Turn on Bluetooth and try again.', <BleakBluetoothNotAvailableReason.POWERED_OFF: 3>)
2026-09-30 14:53:56,315 - ERROR - SensorApp.Bluetooth - Bluetooth-Adapter Fehler: ('Bluetooth radio is not powered on. Turn on Bluetooth and try again.', <BleakBluetoothNotAvailableReason.POWERED_OFF: 3>)
2026-09-30 14:54:01,332 - ERROR - SensorApp.Bluetooth - Bluetooth-Adapter Fehler: ('Bluetooth radio is not powered on. Turn on Bluetooth and try again.', <BleakBluetoothNotAvailableReason.POWERED_OFF: 3>)
2026-09-30 14:54:06,335 - ERROR - SensorApp.Bluetooth - Bluetooth-Adapter Fehler: ('Bluetooth radio is not powered on. Turn on Bluetooth and try again.', <BleakBluetoothNotAvailableReason.POWERED_OFF: 3>)
2026-09-30 14:54:11,353 - ERROR - SensorApp.Bluetooth - Bluetooth-Adapter Fehler: ('Bluetooth radio is not powered on. Turn on Bluetooth and try again.', <BleakBluetoothNotAvailableReason.POWERED_OFF: 3>)
2026-09-30 14:54:16,374 - ERROR - SensorApp.Bluetooth - Bluetooth-Adapter Fehler: ('Bluetooth radio is not powered on. Turn on Bluetooth and try again.', <BleakBluetoothNotAvailableReason.POWERED_OFF: 3>)
2026-09-30 14:54:20,064 - INFO - SensorApp - Lade Daten: messung_20260929_163110_d254s.csv
2026-09-30 14:54:21,384 - ERROR - SensorApp.Bluetooth - Bluetooth-Adapter Fehler: ('Bluetooth radio is not powered on. Turn on Bluetooth and try again.', <BleakBluetoothNotAvailableReason.POWERED_OFF: 3>)
2026-09-30 14:54:26,398 - ERROR - SensorApp.Bluetooth - Bluetooth-Adapter Fehler: ('Bluetooth radio is not powered on. Turn on Bluetooth and try again.', <BleakBluetoothNotAvailableReason.POWERED_OFF: 3>)
2026-09-30 14:54:31,413 - ERROR - SensorApp.Bluetooth - Bluetooth-Adapter Fehler: ('Bluetooth radio is not powered on. Turn on Bluetooth and try again.', <BleakBluetoothNotAvailableReason.POWERED_OFF: 3>)
2026-09-30 14:54:36,428 - ERROR - SensorApp.Bluetooth - Bluetooth-Adapter Fehler: ('Bluetooth radio is not powered on. Turn on Bluetooth and try again.', <BleakBluetoothNotAvailableReason.POWERED_OFF: 3>)
2026-09-30 14:54:41,452 - ERROR - SensorApp.Bluetooth - Bluetooth-Adapter Fehler: ('Bluetooth radio is not powered on. Turn on Bluetooth and try again.', <BleakBluetoothNotAvailableReason.POWERED_OFF: 3>)
2026-09-30 14:54:46,476 - ERROR - SensorApp.Bluetooth - Bluetooth-Adapter Fehler: ('Bluetooth radio is not powered on. Turn on Bluetooth and try again.', <BleakBluetoothNotAvailableReason.POWERED_OFF: 3>)
2026-09-30 14:54:51,487 - ERROR - SensorApp.Bluetooth - Bluetooth-Adapter Fehler: ('Bluetooth radio is not powered on. Turn on Bluetooth and try again.', <BleakBluetoothNotAvailableReason.POWERED_OFF: 3>)
2026-09-30 14:54:56,511 - ERROR - SensorApp.Bluetooth - Bluetooth-Adapter Fehler: ('Bluetooth radio is not powered on. Turn on Bluetooth and try again.', <BleakBluetoothNotAvailableReason.POWERED_OFF: 3>)
2026-09-30 14:55:01,511 - ERROR - SensorApp.Bluetooth - Bluetooth-Adapter Fehler: ('Bluetooth radio is not powered on. Turn on Bluetooth and try again.', <BleakBluetoothNotAvailableReason.POWERED_OFF: 3>)
2026-09-30 14:55:06,531 - ERROR - SensorApp.Bluetooth - Bluetooth-Adapter Fehler: ('Bluetooth radio is not powered on. Turn on Bluetooth and try again.', <BleakBluetoothNotAvailableReason.POWERED_OFF: 3>)
2026-09-30 14:55:11,543 - ERROR - SensorApp.Bluetooth - Bluetooth-Adapter Fehler: ('Bluetooth radio is not powered on. Turn on Bluetooth and try again.', <BleakBluetoothNotAvailableReason.POWERED_OFF: 3>)
2026-09-30 14:55:16,547 - ERROR - SensorApp.Bluetooth - Bluetooth-Adapter Fehler: ('Bluetooth radio is not powered on. Turn on Bluetooth and try again.', <BleakBluetoothNotAvailableReason.POWERED_OFF: 3>)
2026-09-30 14:55:21,562 - ERROR - SensorApp.Bluetooth - Bluetooth-Adapter Fehler: ('Bluetooth radio is not powered on. Turn on Bluetooth and try again.', <BleakBluetoothNotAvailableReason.POWERED_OFF: 3>)
2026-09-30 14:55:26,581 - ERROR - SensorApp.Bluetooth - Bluetooth-Adapter Fehler: ('Bluetooth radio is not powered on. Turn on Bluetooth and try again.', <BleakBluetoothNotAvailableReason.POWERED_OFF: 3>)
2026-09-30 14:55:31,582 - ERROR - SensorApp.Bluetooth - Bluetooth-Adapter Fehler: ('Bluetooth radio is not powered on. Turn on Bluetooth and try again.', <BleakBluetoothNotAvailableReason.POWERED_OFF: 3>)
2026-09-30 14:55:36,598 - ERROR - SensorApp.Bluetooth - Bluetooth-Adapter Fehler: ('Bluetooth radio is not powered on. Turn on Bluetooth and try again.', <BleakBluetoothNotAvailableReason.POWERED_OFF: 3>)
2026-09-30 14:55:41,615 - ERROR - SensorApp.Bluetooth - Bluetooth-Adapter Fehler: ('Bluetooth radio is not powered on. Turn on Bluetooth and try again.', <BleakBluetoothNotAvailableReason.POWERED_OFF: 3>)
2026-09-30 14:55:46,638 - ERROR - SensorApp.Bluetooth - Bluetooth-Adapter Fehler: ('Bluetooth radio is not powered on. Turn on Bluetooth and try again.', <BleakBluetoothNotAvailableReason.POWERED_OFF: 3>)
2026-09-30 14:55:51,647 - ERROR - SensorApp.Bluetooth - Bluetooth-Adapter Fehler: ('Bluetooth radio is not powered on. Turn on Bluetooth and try again.', <BleakBluetoothNotAvailableReason.POWERED_OFF: 3>)
2026-09-30 14:55:56,664 - ERROR - SensorApp.Bluetooth - Bluetooth-Adapter Fehler: ('Bluetooth radio is not powered on. Turn on Bluetooth and try again.', <BleakBluetoothNotAvailableReason.POWERED_OFF: 3>)
2026-09-30 14:56:01,664 - ERROR - SensorApp.Bluetooth - Bluetooth-Adapter Fehler: ('Bluetooth radio is not powered on. Turn on Bluetooth and try again.', <BleakBluetoothNotAvailableReason.POWERED_OFF: 3>)
2026-09-30 14:56:06,682 - ERROR - SensorApp.Bluetooth - Bluetooth-Adapter Fehler: ('Bluetooth radio is not powered on. Turn on Bluetooth and try again.', <BleakBluetoothNotAvailableReason.POWERED_OFF: 3>)
2026-09-30 14:56:11,701 - ERROR - SensorApp.Bluetooth - Bluetooth-Adapter Fehler: ('Bluetooth radio is not powered on. Turn on Bluetooth and try again.', <BleakBluetoothNotAvailableReason.POWERED_OFF: 3>)
2026-09-30 14:56:16,714 - ERROR - SensorApp.Bluetooth - Bluetooth-Adapter Fehler: ('Bluetooth radio is not powered on. Turn on Bluetooth and try again.', <BleakBluetoothNotAvailableReason.POWERED_OFF: 3>)
2026-09-30 14:56:21,733 - ERROR - SensorApp.Bluetooth - Bluetooth-Adapter Fehler: ('Bluetooth radio is not powered on. Turn on Bluetooth and try again.', <BleakBluetoothNotAvailableReason.POWERED_OFF: 3>)
2026-09-30 14:56:26,746 - ERROR - SensorApp.Bluetooth - Bluetooth-Adapter Fehler: ('Bluetooth radio is not powered on. Turn on Bluetooth and try again.', <BleakBluetoothNotAvailableReason.POWERED_OFF: 3>)
2026-09-30 14:56:31,749 - ERROR - SensorApp.Bluetooth - Bluetooth-Adapter Fehler: ('Bluetooth radio is not powered on. Turn on Bluetooth and try again.', <BleakBluetoothNotAvailableReason.POWERED_OFF: 3>)
2026-09-30 14:56:36,761 - ERROR - SensorApp.Bluetooth - Bluetooth-Adapter Fehler: ('Bluetooth radio is not powered on. Turn on Bluetooth and try again.', <BleakBluetoothNotAvailableReason.POWERED_OFF: 3>)
2026-09-30 14:56:41,766 - ERROR - SensorApp.Bluetooth - Bluetooth-Adapter Fehler: ('Bluetooth radio is not powered on. Turn on Bluetooth and try again.', <BleakBluetoothNotAvailableReason.POWERED_OFF: 3>)
2026-09-30 14:56:46,782 - ERROR - SensorApp.Bluetooth - Bluetooth-Adapter Fehler: ('Bluetooth radio is not powered on. Turn on Bluetooth and try again.', <BleakBluetoothNotAvailableReason.POWERED_OFF: 3>)
2026-09-30 14:56:51,786 - ERROR - SensorApp.Bluetooth - Bluetooth-Adapter Fehler: ('Bluetooth radio is not powered on. Turn on Bluetooth and try again.', <BleakBluetoothNotAvailableReason.POWERED_OFF: 3>)
2026-09-30 14:56:56,804 - ERROR - SensorApp.Bluetooth - Bluetooth-Adapter Fehler: ('Bluetooth radio is not powered on. Turn on Bluetooth and try again.', <BleakBluetoothNotAvailableReason.POWERED_OFF: 3>)
2026-09-30 14:57:01,812 - ERROR - SensorApp.Bluetooth - Bluetooth-Adapter Fehler: ('Bluetooth radio is not powered on. Turn on Bluetooth and try again.', <BleakBluetoothNotAvailableReason.POWERED_OFF: 3>)
2026-09-30 14:57:06,814 - ERROR - SensorApp.Bluetooth - Bluetooth-Adapter Fehler: ('Bluetooth radio is not powered on. Turn on Bluetooth and try again.', <BleakBluetoothNotAvailableReason.POWERED_OFF: 3>)
2026-09-30 14:57:11,833 - ERROR - SensorApp.Bluetooth - Bluetooth-Adapter Fehler: ('Bluetooth radio is not powered on. Turn on Bluetooth and try again.', <BleakBluetoothNotAvailableReason.POWERED_OFF: 3>)
2026-09-30 14:57:16,847 - ERROR - SensorApp.Bluetooth - Bluetooth-Adapter Fehler: ('Bluetooth radio is not powered on. Turn on Bluetooth and try again.', <BleakBluetoothNotAvailableReason.POWERED_OFF: 3>)
2026-09-30 14:57:21,864 - ERROR - SensorApp.Bluetooth - Bluetooth-Adapter Fehler: ('Bluetooth radio is not powered on. Turn on Bluetooth and try again.', <BleakBluetoothNotAvailableReason.POWERED_OFF: 3>)
2026-09-30 14:57:26,874 - ERROR - SensorApp.Bluetooth - Bluetooth-Adapter Fehler: ('Bluetooth radio is not powered on. Turn on Bluetooth and try again.', <BleakBluetoothNotAvailableReason.POWERED_OFF: 3>)
2026-09-30 14:57:31,885 - ERROR - SensorApp.Bluetooth - Bluetooth-Adapter Fehler: ('Bluetooth radio is not powered on. Turn on Bluetooth and try again.', <BleakBluetoothNotAvailableReason.POWERED_OFF: 3>)
2026-09-30 14:57:36,900 - ERROR - SensorApp.Bluetooth - Bluetooth-Adapter Fehler: ('Bluetooth radio is not powered on. Turn on Bluetooth and try again.', <BleakBluetoothNotAvailableReason.POWERED_OFF: 3>)
2026-09-30 14:57:44,077 - INFO - SensorApp - Bereit. Starte automatische Bluetooth-Verbindung...
Tipp: Halte 'x' oder 'y' beim Scrollen für gezielten Zoom!
2026-09-30 14:57:44,594 - INFO - SensorApp.Bluetooth - Automatischer Verbindungsmodus gestartet.
2026-09-30 14:57:44,633 - ERROR - SensorApp.Bluetooth - Bluetooth-Adapter Fehler: ('Bluetooth radio is not powered on. Turn on Bluetooth and try again.', <BleakBluetoothNotAvailableReason.POWERED_OFF: 3>)
2026-09-30 14:57:49,646 - ERROR - SensorApp.Bluetooth - Bluetooth-Adapter Fehler: ('Bluetooth radio is not powered on. Turn on Bluetooth and try again.', <BleakBluetoothNotAvailableReason.POWERED_OFF: 3>)
2026-09-30 14:57:54,652 - ERROR - SensorApp.Bluetooth - Bluetooth-Adapter Fehler: ('Bluetooth radio is not powered on. Turn on Bluetooth and try again.', <BleakBluetoothNotAvailableReason.POWERED_OFF: 3>)
2026-09-30 14:57:59,653 - ERROR - SensorApp.Bluetooth - Bluetooth-Adapter Fehler: ('Bluetooth radio is not powered on. Turn on Bluetooth and try again.', <BleakBluetoothNotAvailableReason.POWERED_OFF: 3>)
2026-09-30 14:58:04,662 - ERROR - SensorApp.Bluetooth - Bluetooth-Adapter Fehler: ('Bluetooth radio is not powered on. Turn on Bluetooth and try again.', <BleakBluetoothNotAvailableReason.POWERED_OFF: 3>)
2026-09-30 14:58:09,680 - ERROR - SensorApp.Bluetooth - Bluetooth-Adapter Fehler: ('Bluetooth radio is not powered on. Turn on Bluetooth and try again.', <BleakBluetoothNotAvailableReason.POWERED_OFF: 3>)
2026-09-30 14:58:14,686 - ERROR - SensorApp.Bluetooth - Bluetooth-Adapter Fehler: ('Bluetooth radio is not powered on. Turn on Bluetooth and try again.', <BleakBluetoothNotAvailableReason.POWERED_OFF: 3>)
2026-09-30 14:58:19,698 - ERROR - SensorApp.Bluetooth - Bluetooth-Adapter Fehler: ('Bluetooth radio is not powered on. Turn on Bluetooth and try again.', <BleakBluetoothNotAvailableReason.POWERED_OFF: 3>)
2026-09-30 14:58:24,714 - ERROR - SensorApp.Bluetooth - Bluetooth-Adapter Fehler: ('Bluetooth radio is not powered on. Turn on Bluetooth and try again.', <BleakBluetoothNotAvailableReason.POWERED_OFF: 3>)
2026-09-30 14:58:28,973 - INFO - SensorApp - Lade Daten: messung_20260929_162538_d254s.csv
2026-09-30 14:58:29,730 - ERROR - SensorApp.Bluetooth - Bluetooth-Adapter Fehler: ('Bluetooth radio is not powered on. Turn on Bluetooth and try again.', <BleakBluetoothNotAvailableReason.POWERED_OFF: 3>)
2026-09-30 14:58:34,735 - ERROR - SensorApp.Bluetooth - Bluetooth-Adapter Fehler: ('Bluetooth radio is not powered on. Turn on Bluetooth and try again.', <BleakBluetoothNotAvailableReason.POWERED_OFF: 3>)
2026-09-30 14:58:39,745 - ERROR - SensorApp.Bluetooth - Bluetooth-Adapter Fehler: ('Bluetooth radio is not powered on. Turn on Bluetooth and try again.', <BleakBluetoothNotAvailableReason.POWERED_OFF: 3>)
2026-09-30 14:58:44,755 - ERROR - SensorApp.Bluetooth - Bluetooth-Adapter Fehler: ('Bluetooth radio is not powered on. Turn on Bluetooth and try again.', <BleakBluetoothNotAvailableReason.POWERED_OFF: 3>)
2026-09-30 14:58:49,765 - ERROR - SensorApp.Bluetooth - Bluetooth-Adapter Fehler: ('Bluetooth radio is not powered on. Turn on Bluetooth and try again.', <BleakBluetoothNotAvailableReason.POWERED_OFF: 3>)
2026-09-30 14:58:54,788 - ERROR - SensorApp.Bluetooth - Bluetooth-Adapter Fehler: ('Bluetooth radio is not powered on. Turn on Bluetooth and try again.', <BleakBluetoothNotAvailableReason.POWERED_OFF: 3>)
2026-09-30 14:58:59,802 - ERROR - SensorApp.Bluetooth - Bluetooth-Adapter Fehler: ('Bluetooth radio is not powered on. Turn on Bluetooth and try again.', <BleakBluetoothNotAvailableReason.POWERED_OFF: 3>)
2026-09-30 14:59:04,813 - ERROR - SensorApp.Bluetooth - Bluetooth-Adapter Fehler: ('Bluetooth radio is not powered on. Turn on Bluetooth and try again.', <BleakBluetoothNotAvailableReason.POWERED_OFF: 3>)
2026-09-30 14:59:09,835 - ERROR - SensorApp.Bluetooth - Bluetooth-Adapter Fehler: ('Bluetooth radio is not powered on. Turn on Bluetooth and try again.', <BleakBluetoothNotAvailableReason.POWERED_OFF: 3>)
2026-09-30 14:59:14,862 - ERROR - SensorApp.Bluetooth - Bluetooth-Adapter Fehler: ('Bluetooth radio is not powered on. Turn on Bluetooth and try again.', <BleakBluetoothNotAvailableReason.POWERED_OFF: 3>)
2026-09-30 14:59:19,869 - ERROR - SensorApp.Bluetooth - Bluetooth-Adapter Fehler: ('Bluetooth radio is not powered on. Turn on Bluetooth and try again.', <BleakBluetoothNotAvailableReason.POWERED_OFF: 3>)
2026-09-30 14:59:24,880 - ERROR - SensorApp.Bluetooth - Bluetooth-Adapter Fehler: ('Bluetooth radio is not powered on. Turn on Bluetooth and try again.', <BleakBluetoothNotAvailableReason.POWERED_OFF: 3>)
2026-09-30 14:59:29,899 - ERROR - SensorApp.Bluetooth - Bluetooth-Adapter Fehler: ('Bluetooth radio is not powered on. Turn on Bluetooth and try again.', <BleakBluetoothNotAvailableReason.POWERED_OFF: 3>)
2026-09-30 14:59:34,919 - ERROR - SensorApp.Bluetooth - Bluetooth-Adapter Fehler: ('Bluetooth radio is not powered on. Turn on Bluetooth and try again.', <BleakBluetoothNotAvailableReason.POWERED_OFF: 3>)
2026-09-30 14:59:39,925 - ERROR - SensorApp.Bluetooth - Bluetooth-Adapter Fehler: ('Bluetooth radio is not powered on. Turn on Bluetooth and try again.', <BleakBluetoothNotAvailableReason.POWERED_OFF: 3>)
2026-09-30 14:59:44,944 - ERROR - SensorApp.Bluetooth - Bluetooth-Adapter Fehler: ('Bluetooth radio is not powered on. Turn on Bluetooth and try again.', <BleakBluetoothNotAvailableReason.POWERED_OFF: 3>)
2026-09-30 14:59:49,951 - ERROR - SensorApp.Bluetooth - Bluetooth-Adapter Fehler: ('Bluetooth radio is not powered on. Turn on Bluetooth and try again.', <BleakBluetoothNotAvailableReason.POWERED_OFF: 3>)
2026-09-30 14:59:54,961 - ERROR - SensorApp.Bluetooth - Bluetooth-Adapter Fehler: ('Bluetooth radio is not powered on. Turn on Bluetooth and try again.', <BleakBluetoothNotAvailableReason.POWERED_OFF: 3>)
2026-09-30 14:59:59,971 - ERROR - SensorApp.Bluetooth - Bluetooth-Adapter Fehler: ('Bluetooth radio is not powered on. Turn on Bluetooth and try again.', <BleakBluetoothNotAvailableReason.POWERED_OFF: 3>)
2026-09-30 15:00:04,984 - ERROR - SensorApp.Bluetooth - Bluetooth-Adapter Fehler: ('Bluetooth radio is not powered on. Turn on Bluetooth and try again.', <BleakBluetoothNotAvailableReason.POWERED_OFF: 3>)
2026-09-30 15:00:09,998 - ERROR - SensorApp.Bluetooth - Bluetooth-Adapter Fehler: ('Bluetooth radio is not powered on. Turn on Bluetooth and try again.', <BleakBluetoothNotAvailableReason.POWERED_OFF: 3>)
2026-09-30 15:00:15,000 - ERROR - SensorApp.Bluetooth - Bluetooth-Adapter Fehler: ('Bluetooth radio is not powered on. Turn on Bluetooth and try again.', <BleakBluetoothNotAvailableReason.POWERED_OFF: 3>)
2026-09-30 15:00:20,005 - ERROR - SensorApp.Bluetooth - Bluetooth-Adapter Fehler: ('Bluetooth radio is not powered on. Turn on Bluetooth and try again.', <BleakBluetoothNotAvailableReason.POWERED_OFF: 3>)
2026-09-30 15:00:25,015 - ERROR - SensorApp.Bluetooth - Bluetooth-Adapter Fehler: ('Bluetooth radio is not powered on. Turn on Bluetooth and try again.', <BleakBluetoothNotAvailableReason.POWERED_OFF: 3>)
2026-09-30 15:00:30,032 - ERROR - SensorApp.Bluetooth - Bluetooth-Adapter Fehler: ('Bluetooth radio is not powered on. Turn on Bluetooth and try again.', <BleakBluetoothNotAvailableReason.POWERED_OFF: 3>)
2026-09-30 15:00:35,043 - ERROR - SensorApp.Bluetooth - Bluetooth-Adapter Fehler: ('Bluetooth radio is not powered on. Turn on Bluetooth and try again.', <BleakBluetoothNotAvailableReason.POWERED_OFF: 3>)
2026-09-30 15:00:40,063 - ERROR - SensorApp.Bluetooth - Bluetooth-Adapter Fehler: ('Bluetooth radio is not powered on. Turn on Bluetooth and try again.', <BleakBluetoothNotAvailableReason.POWERED_OFF: 3>)
2026-09-30 15:00:45,083 - ERROR - SensorApp.Bluetooth - Bluetooth-Adapter Fehler: ('Bluetooth radio is not powered on. Turn on Bluetooth and try again.', <BleakBluetoothNotAvailableReason.POWERED_OFF: 3>)
2026-09-30 15:00:50,093 - ERROR - SensorApp.Bluetooth - Bluetooth-Adapter Fehler: ('Bluetooth radio is not powered on. Turn on Bluetooth and try again.', <BleakBluetoothNotAvailableReason.POWERED_OFF: 3>)
2026-09-30 15:00:55,110 - ERROR - SensorApp.Bluetooth - Bluetooth-Adapter Fehler: ('Bluetooth radio is not powered on. Turn on Bluetooth and try again.', <BleakBluetoothNotAvailableReason.POWERED_OFF: 3>)
2026-09-30 15:01:00,125 - ERROR - SensorApp.Bluetooth - Bluetooth-Adapter Fehler: ('Bluetooth radio is not powered on. Turn on Bluetooth and try again.', <BleakBluetoothNotAvailableReason.POWERED_OFF: 3>)
2026-09-30 15:01:05,127 - ERROR - SensorApp.Bluetooth - Bluetooth-Adapter Fehler: ('Bluetooth radio is not powered on. Turn on Bluetooth and try again.', <BleakBluetoothNotAvailableReason.POWERED_OFF: 3>)
2026-09-30 15:01:10,145 - ERROR - SensorApp.Bluetooth - Bluetooth-Adapter Fehler: ('Bluetooth radio is not powered on. Turn on Bluetooth and try again.', <BleakBluetoothNotAvailableReason.POWERED_OFF: 3>)
2026-09-30 15:01:15,158 - ERROR - SensorApp.Bluetooth - Bluetooth-Adapter Fehler: ('Bluetooth radio is not powered on. Turn on Bluetooth and try again.', <BleakBluetoothNotAvailableReason.POWERED_OFF: 3>)
2026-09-30 15:01:20,162 - ERROR - SensorApp.Bluetooth - Bluetooth-Adapter Fehler: ('Bluetooth radio is not powered on. Turn on Bluetooth and try again.', <BleakBluetoothNotAvailableReason.POWERED_OFF: 3>)
2026-09-30 15:01:24,911 - INFO - SensorApp - Bereit. Starte automatische Bluetooth-Verbindung...
Tipp: Halte 'x' oder 'y' beim Scrollen für gezielten Zoom!
2026-09-30 15:01:25,412 - INFO - SensorApp.Bluetooth - Automatischer Verbindungsmodus gestartet.
2026-09-30 15:01:25,443 - ERROR - SensorApp.Bluetooth - Bluetooth-Adapter Fehler: ('Bluetooth radio is not powered on. Turn on Bluetooth and try again.', <BleakBluetoothNotAvailableReason.POWERED_OFF: 3>)
2026-09-30 15:01:30,462 - ERROR - SensorApp.Bluetooth - Bluetooth-Adapter Fehler: ('Bluetooth radio is not powered on. Turn on Bluetooth and try again.', <BleakBluetoothNotAvailableReason.POWERED_OFF: 3>)
2026-09-30 15:01:35,479 - ERROR - SensorApp.Bluetooth - Bluetooth-Adapter Fehler: ('Bluetooth radio is not powered on. Turn on Bluetooth and try again.', <BleakBluetoothNotAvailableReason.POWERED_OFF: 3>)
2026-09-30 15:01:40,495 - ERROR - SensorApp.Bluetooth - Bluetooth-Adapter Fehler: ('Bluetooth radio is not powered on. Turn on Bluetooth and try again.', <BleakBluetoothNotAvailableReason.POWERED_OFF: 3>)
2026-09-30 15:01:45,497 - ERROR - SensorApp.Bluetooth - Bluetooth-Adapter Fehler: ('Bluetooth radio is not powered on. Turn on Bluetooth and try again.', <BleakBluetoothNotAvailableReason.POWERED_OFF: 3>)
2026-09-30 15:01:50,514 - ERROR - SensorApp.Bluetooth - Bluetooth-Adapter Fehler: ('Bluetooth radio is not powered on. Turn on Bluetooth and try again.', <BleakBluetoothNotAvailableReason.POWERED_OFF: 3>)
2026-09-30 15:01:55,528 - ERROR - SensorApp.Bluetooth - Bluetooth-Adapter Fehler: ('Bluetooth radio is not powered on. Turn on Bluetooth and try again.', <BleakBluetoothNotAvailableReason.POWERED_OFF: 3>)
2026-09-30 15:02:00,537 - ERROR - SensorApp.Bluetooth - Bluetooth-Adapter Fehler: ('Bluetooth radio is not powered on. Turn on Bluetooth and try again.', <BleakBluetoothNotAvailableReason.POWERED_OFF: 3>)
2026-09-30 15:02:05,542 - ERROR - SensorApp.Bluetooth - Bluetooth-Adapter Fehler: ('Bluetooth radio is not powered on. Turn on Bluetooth and try again.', <BleakBluetoothNotAvailableReason.POWERED_OFF: 3>)
2026-09-30 15:02:07,108 - INFO - SensorApp - Lade Daten: messung_20260929_162538_d254s.csv
2026-09-30 15:02:10,544 - ERROR - SensorApp.Bluetooth - Bluetooth-Adapter Fehler: ('Bluetooth radio is not powered on. Turn on Bluetooth and try again.', <BleakBluetoothNotAvailableReason.POWERED_OFF: 3>)
2026-09-30 15:02:15,545 - ERROR - SensorApp.Bluetooth - Bluetooth-Adapter Fehler: ('Bluetooth radio is not powered on. Turn on Bluetooth and try again.', <BleakBluetoothNotAvailableReason.POWERED_OFF: 3>)
2026-09-30 15:02:20,547 - ERROR - SensorApp.Bluetooth - Bluetooth-Adapter Fehler: ('Bluetooth radio is not powered on. Turn on Bluetooth and try again.', <BleakBluetoothNotAvailableReason.POWERED_OFF: 3>)
2026-09-30 15:02:25,559 - ERROR - SensorApp.Bluetooth - Bluetooth-Adapter Fehler: ('Bluetooth radio is not powered on. Turn on Bluetooth and try again.', <BleakBluetoothNotAvailableReason.POWERED_OFF: 3>)
2026-09-30 15:02:30,568 - ERROR - SensorApp.Bluetooth - Bluetooth-Adapter Fehler: ('Bluetooth radio is not powered on. Turn on Bluetooth and try again.', <BleakBluetoothNotAvailableReason.POWERED_OFF: 3>)
2026-09-30 15:02:35,579 - ERROR - SensorApp.Bluetooth - Bluetooth-Adapter Fehler: ('Bluetooth radio is not powered on. Turn on Bluetooth and try again.', <BleakBluetoothNotAvailableReason.POWERED_OFF: 3>)
2026-09-30 15:02:41,195 - INFO - SensorApp - Bereit. Starte automatische Bluetooth-Verbindung...
Tipp: Halte 'x' oder 'y' beim Scrollen für gezielten Zoom!
2026-09-30 15:02:41,697 - INFO - SensorApp.Bluetooth - Automatischer Verbindungsmodus gestartet.
2026-09-30 15:02:41,725 - ERROR - SensorApp.Bluetooth - Bluetooth-Adapter Fehler: ('Bluetooth radio is not powered on. Turn on Bluetooth and try again.', <BleakBluetoothNotAvailableReason.POWERED_OFF: 3>)
2026-09-30 15:02:45,504 - INFO - SensorApp - Lade Daten: messung_20260929_162538_d254s.csv
2026-09-30 15:02:46,739 - ERROR - SensorApp.Bluetooth - Bluetooth-Adapter Fehler: ('Bluetooth radio is not powered on. Turn on Bluetooth and try again.', <BleakBluetoothNotAvailableReason.POWERED_OFF: 3>)
2026-09-30 15:02:51,748 - ERROR - SensorApp.Bluetooth - Bluetooth-Adapter Fehler: ('Bluetooth radio is not powered on. Turn on Bluetooth and try again.', <BleakBluetoothNotAvailableReason.POWERED_OFF: 3>)
2026-09-30 15:02:56,763 - ERROR - SensorApp.Bluetooth - Bluetooth-Adapter Fehler: ('Bluetooth radio is not powered on. Turn on Bluetooth and try again.', <BleakBluetoothNotAvailableReason.POWERED_OFF: 3>)
2026-09-30 15:03:01,778 - ERROR - SensorApp.Bluetooth - Bluetooth-Adapter Fehler: ('Bluetooth radio is not powered on. Turn on Bluetooth and try again.', <BleakBluetoothNotAvailableReason.POWERED_OFF: 3>)
2026-09-30 15:03:06,797 - ERROR - SensorApp.Bluetooth - Bluetooth-Adapter Fehler: ('Bluetooth radio is not powered on. Turn on Bluetooth and try again.', <BleakBluetoothNotAvailableReason.POWERED_OFF: 3>)
2026-09-30 15:03:11,812 - ERROR - SensorApp.Bluetooth - Bluetooth-Adapter Fehler: ('Bluetooth radio is not powered on. Turn on Bluetooth and try again.', <BleakBluetoothNotAvailableReason.POWERED_OFF: 3>)
2026-09-30 15:03:16,814 - ERROR - SensorApp.Bluetooth - Bluetooth-Adapter Fehler: ('Bluetooth radio is not powered on. Turn on Bluetooth and try again.', <BleakBluetoothNotAvailableReason.POWERED_OFF: 3>)
2026-09-30 15:03:21,828 - ERROR - SensorApp.Bluetooth - Bluetooth-Adapter Fehler: ('Bluetooth radio is not powered on. Turn on Bluetooth and try again.', <BleakBluetoothNotAvailableReason.POWERED_OFF: 3>)
2026-09-30 15:03:26,846 - ERROR - SensorApp.Bluetooth - Bluetooth-Adapter Fehler: ('Bluetooth radio is not powered on. Turn on Bluetooth and try again.', <BleakBluetoothNotAvailableReason.POWERED_OFF: 3>)
2026-09-30 15:03:31,864 - ERROR - SensorApp.Bluetooth - Bluetooth-Adapter Fehler: ('Bluetooth radio is not powered on. Turn on Bluetooth and try again.', <BleakBluetoothNotAvailableReason.POWERED_OFF: 3>)
2026-09-30 15:03:36,879 - ERROR - SensorApp.Bluetooth - Bluetooth-Adapter Fehler: ('Bluetooth radio is not powered on. Turn on Bluetooth and try again.', <BleakBluetoothNotAvailableReason.POWERED_OFF: 3>)
2026-09-30 15:03:41,893 - ERROR - SensorApp.Bluetooth - Bluetooth-Adapter Fehler: ('Bluetooth radio is not powered on. Turn on Bluetooth and try again.', <BleakBluetoothNotAvailableReason.POWERED_OFF: 3>)
2026-09-30 15:03:46,905 - ERROR - SensorApp.Bluetooth - Bluetooth-Adapter Fehler: ('Bluetooth radio is not powered on. Turn on Bluetooth and try again.', <BleakBluetoothNotAvailableReason.POWERED_OFF: 3>)
2026-09-30 15:03:51,918 - ERROR - SensorApp.Bluetooth - Bluetooth-Adapter Fehler: ('Bluetooth radio is not powered on. Turn on Bluetooth and try again.', <BleakBluetoothNotAvailableReason.POWERED_OFF: 3>)
2026-09-30 15:03:56,933 - ERROR - SensorApp.Bluetooth - Bluetooth-Adapter Fehler: ('Bluetooth radio is not powered on. Turn on Bluetooth and try again.', <BleakBluetoothNotAvailableReason.POWERED_OFF: 3>)
2026-09-30 15:04:01,954 - ERROR - SensorApp.Bluetooth - Bluetooth-Adapter Fehler: ('Bluetooth radio is not powered on. Turn on Bluetooth and try again.', <BleakBluetoothNotAvailableReason.POWERED_OFF: 3>)
2026-09-30 15:04:06,962 - ERROR - SensorApp.Bluetooth - Bluetooth-Adapter Fehler: ('Bluetooth radio is not powered on. Turn on Bluetooth and try again.', <BleakBluetoothNotAvailableReason.POWERED_OFF: 3>)
2026-09-30 15:04:11,967 - ERROR - SensorApp.Bluetooth - Bluetooth-Adapter Fehler: ('Bluetooth radio is not powered on. Turn on Bluetooth and try again.', <BleakBluetoothNotAvailableReason.POWERED_OFF: 3>)
2026-09-30 15:04:16,976 - ERROR - SensorApp.Bluetooth - Bluetooth-Adapter Fehler: ('Bluetooth radio is not powered on. Turn on Bluetooth and try again.', <BleakBluetoothNotAvailableReason.POWERED_OFF: 3>)
2026-09-30 15:04:21,990 - ERROR - SensorApp.Bluetooth - Bluetooth-Adapter Fehler: ('Bluetooth radio is not powered on. Turn on Bluetooth and try again.', <BleakBluetoothNotAvailableReason.POWERED_OFF: 3>)
2026-09-30 15:04:26,996 - ERROR - SensorApp.Bluetooth - Bluetooth-Adapter Fehler: ('Bluetooth radio is not powered on. Turn on Bluetooth and try again.', <BleakBluetoothNotAvailableReason.POWERED_OFF: 3>)
2026-09-30 15:04:32,009 - ERROR - SensorApp.Bluetooth - Bluetooth-Adapter Fehler: ('Bluetooth radio is not powered on. Turn on Bluetooth and try again.', <BleakBluetoothNotAvailableReason.POWERED_OFF: 3>)
2026-09-30 15:04:37,020 - ERROR - SensorApp.Bluetooth - Bluetooth-Adapter Fehler: ('Bluetooth radio is not powered on. Turn on Bluetooth and try again.', <BleakBluetoothNotAvailableReason.POWERED_OFF: 3>)
2026-09-30 15:04:42,024 - ERROR - SensorApp.Bluetooth - Bluetooth-Adapter Fehler: ('Bluetooth radio is not powered on. Turn on Bluetooth and try again.', <BleakBluetoothNotAvailableReason.POWERED_OFF: 3>)
2026-09-30 15:04:47,025 - ERROR - SensorApp.Bluetooth - Bluetooth-Adapter Fehler: ('Bluetooth radio is not powered on. Turn on Bluetooth and try again.', <BleakBluetoothNotAvailableReason.POWERED_OFF: 3>)
2026-09-30 15:04:52,050 - ERROR - SensorApp.Bluetooth - Bluetooth-Adapter Fehler: ('Bluetooth radio is not powered on. Turn on Bluetooth and try again.', <BleakBluetoothNotAvailableReason.POWERED_OFF: 3>)
2026-09-30 15:04:57,072 - ERROR - SensorApp.Bluetooth - Bluetooth-Adapter Fehler: ('Bluetooth radio is not powered on. Turn on Bluetooth and try again.', <BleakBluetoothNotAvailableReason.POWERED_OFF: 3>)
2026-09-30 15:05:02,091 - ERROR - SensorApp.Bluetooth - Bluetooth-Adapter Fehler: ('Bluetooth radio is not powered on. Turn on Bluetooth and try again.', <BleakBluetoothNotAvailableReason.POWERED_OFF: 3>)
2026-09-30 15:05:07,109 - ERROR - SensorApp.Bluetooth - Bluetooth-Adapter Fehler: ('Bluetooth radio is not powered on. Turn on Bluetooth and try again.', <BleakBluetoothNotAvailableReason.POWERED_OFF: 3>)
2026-09-30 15:05:12,127 - ERROR - SensorApp.Bluetooth - Bluetooth-Adapter Fehler: ('Bluetooth radio is not powered on. Turn on Bluetooth and try again.', <BleakBluetoothNotAvailableReason.POWERED_OFF: 3>)
2026-09-30 15:05:17,152 - ERROR - SensorApp.Bluetooth - Bluetooth-Adapter Fehler: ('Bluetooth radio is not powered on. Turn on Bluetooth and try again.', <BleakBluetoothNotAvailableReason.POWERED_OFF: 3>)
2026-09-30 15:05:22,158 - ERROR - SensorApp.Bluetooth - Bluetooth-Adapter Fehler: ('Bluetooth radio is not powered on. Turn on Bluetooth and try again.', <BleakBluetoothNotAvailableReason.POWERED_OFF: 3>)
2026-09-30 15:05:29,116 - INFO - SensorApp - Bereit. Starte automatische Bluetooth-Verbindung...
Tipp: Halte 'x' oder 'y' beim Scrollen für gezielten Zoom!
2026-09-30 15:05:29,627 - INFO - SensorApp.Bluetooth - Automatischer Verbindungsmodus gestartet.
2026-09-30 15:05:29,654 - ERROR - SensorApp.Bluetooth - Bluetooth-Adapter Fehler: ('Bluetooth radio is not powered on. Turn on Bluetooth and try again.', <BleakBluetoothNotAvailableReason.POWERED_OFF: 3>)
2026-09-30 15:05:32,764 - INFO - SensorApp - Lade Daten: messung_20260929_163246_d254s.csv
2026-09-30 15:05:34,676 - ERROR - SensorApp.Bluetooth - Bluetooth-Adapter Fehler: ('Bluetooth radio is not powered on. Turn on Bluetooth and try again.', <BleakBluetoothNotAvailableReason.POWERED_OFF: 3>)
2026-09-30 15:05:39,691 - ERROR - SensorApp.Bluetooth - Bluetooth-Adapter Fehler: ('Bluetooth radio is not powered on. Turn on Bluetooth and try again.', <BleakBluetoothNotAvailableReason.POWERED_OFF: 3>)
2026-09-30 15:05:40,671 - INFO - SensorApp - Lade Daten: messung_20260929_162538_d254s.csv
2026-09-30 15:05:42,628 - INFO - SensorApp - Lade Daten: messung_20260929_163246_d254s.csv
2026-09-30 15:05:44,710 - ERROR - SensorApp.Bluetooth - Bluetooth-Adapter Fehler: ('Bluetooth radio is not powered on. Turn on Bluetooth and try again.', <BleakBluetoothNotAvailableReason.POWERED_OFF: 3>)
2026-09-30 15:05:49,722 - ERROR - SensorApp.Bluetooth - Bluetooth-Adapter Fehler: ('Bluetooth radio is not powered on. Turn on Bluetooth and try again.', <BleakBluetoothNotAvailableReason.POWERED_OFF: 3>)
2026-09-30 15:05:54,722 - ERROR - SensorApp.Bluetooth - Bluetooth-Adapter Fehler: ('Bluetooth radio is not powered on. Turn on Bluetooth and try again.', <BleakBluetoothNotAvailableReason.POWERED_OFF: 3>)
2026-09-30 15:05:59,744 - ERROR - SensorApp.Bluetooth - Bluetooth-Adapter Fehler: ('Bluetooth radio is not powered on. Turn on Bluetooth and try again.', <BleakBluetoothNotAvailableReason.POWERED_OFF: 3>)
2026-09-30 15:06:04,758 - ERROR - SensorApp.Bluetooth - Bluetooth-Adapter Fehler: ('Bluetooth radio is not powered on. Turn on Bluetooth and try again.', <BleakBluetoothNotAvailableReason.POWERED_OFF: 3>)
2026-09-30 15:06:09,776 - ERROR - SensorApp.Bluetooth - Bluetooth-Adapter Fehler: ('Bluetooth radio is not powered on. Turn on Bluetooth and try again.', <BleakBluetoothNotAvailableReason.POWERED_OFF: 3>)
2026-09-30 15:06:14,794 - ERROR - SensorApp.Bluetooth - Bluetooth-Adapter Fehler: ('Bluetooth radio is not powered on. Turn on Bluetooth and try again.', <BleakBluetoothNotAvailableReason.POWERED_OFF: 3>)
2026-09-30 15:06:19,830 - ERROR - SensorApp.Bluetooth - Bluetooth-Adapter Fehler: ('Bluetooth radio is not powered on. Turn on Bluetooth and try again.', <BleakBluetoothNotAvailableReason.POWERED_OFF: 3>)
2026-09-30 15:06:24,845 - ERROR - SensorApp.Bluetooth - Bluetooth-Adapter Fehler: ('Bluetooth radio is not powered on. Turn on Bluetooth and try again.', <BleakBluetoothNotAvailableReason.POWERED_OFF: 3>)
2026-09-30 15:06:29,852 - ERROR - SensorApp.Bluetooth - Bluetooth-Adapter Fehler: ('Bluetooth radio is not powered on. Turn on Bluetooth and try again.', <BleakBluetoothNotAvailableReason.POWERED_OFF: 3>)
2026-09-30 15:06:34,864 - ERROR - SensorApp.Bluetooth - Bluetooth-Adapter Fehler: ('Bluetooth radio is not powered on. Turn on Bluetooth and try again.', <BleakBluetoothNotAvailableReason.POWERED_OFF: 3>)
2026-09-30 15:06:39,875 - ERROR - SensorApp.Bluetooth - Bluetooth-Adapter Fehler: ('Bluetooth radio is not powered on. Turn on Bluetooth and try again.', <BleakBluetoothNotAvailableReason.POWERED_OFF: 3>)
2026-09-30 15:06:44,876 - ERROR - SensorApp.Bluetooth - Bluetooth-Adapter Fehler: ('Bluetooth radio is not powered on. Turn on Bluetooth and try again.', <BleakBluetoothNotAvailableReason.POWERED_OFF: 3>)
2026-09-30 15:06:49,899 - ERROR - SensorApp.Bluetooth - Bluetooth-Adapter Fehler: ('Bluetooth radio is not powered on. Turn on Bluetooth and try again.', <BleakBluetoothNotAvailableReason.POWERED_OFF: 3>)
2026-09-30 15:06:54,910 - ERROR - SensorApp.Bluetooth - Bluetooth-Adapter Fehler: ('Bluetooth radio is not powered on. Turn on Bluetooth and try again.', <BleakBluetoothNotAvailableReason.POWERED_OFF: 3>)
2026-09-30 15:06:59,925 - ERROR - SensorApp.Bluetooth - Bluetooth-Adapter Fehler: ('Bluetooth radio is not powered on. Turn on Bluetooth and try again.', <BleakBluetoothNotAvailableReason.POWERED_OFF: 3>)
2026-09-30 15:07:04,938 - ERROR - SensorApp.Bluetooth - Bluetooth-Adapter Fehler: ('Bluetooth radio is not powered on. Turn on Bluetooth and try again.', <BleakBluetoothNotAvailableReason.POWERED_OFF: 3>)
2026-09-30 15:07:09,942 - ERROR - SensorApp.Bluetooth - Bluetooth-Adapter Fehler: ('Bluetooth radio is not powered on. Turn on Bluetooth and try again.', <BleakBluetoothNotAvailableReason.POWERED_OFF: 3>)
2026-09-30 15:07:14,968 - ERROR - SensorApp.Bluetooth - Bluetooth-Adapter Fehler: ('Bluetooth radio is not powered on. Turn on Bluetooth and try again.', <BleakBluetoothNotAvailableReason.POWERED_OFF: 3>)
2026-09-30 15:07:19,974 - ERROR - SensorApp.Bluetooth - Bluetooth-Adapter Fehler: ('Bluetooth radio is not powered on. Turn on Bluetooth and try again.', <BleakBluetoothNotAvailableReason.POWERED_OFF: 3>)
2026-09-30 15:07:24,983 - ERROR - SensorApp.Bluetooth - Bluetooth-Adapter Fehler: ('Bluetooth radio is not powered on. Turn on Bluetooth and try again.', <BleakBluetoothNotAvailableReason.POWERED_OFF: 3>)
2026-09-30 15:07:29,991 - ERROR - SensorApp.Bluetooth - Bluetooth-Adapter Fehler: ('Bluetooth radio is not powered on. Turn on Bluetooth and try again.', <BleakBluetoothNotAvailableReason.POWERED_OFF: 3>)
2026-09-30 15:07:35,014 - ERROR - SensorApp.Bluetooth - Bluetooth-Adapter Fehler: ('Bluetooth radio is not powered on. Turn on Bluetooth and try again.', <BleakBluetoothNotAvailableReason.POWERED_OFF: 3>)
2026-09-30 15:07:40,024 - ERROR - SensorApp.Bluetooth - Bluetooth-Adapter Fehler: ('Bluetooth radio is not powered on. Turn on Bluetooth and try again.', <BleakBluetoothNotAvailableReason.POWERED_OFF: 3>)
2026-09-30 15:07:45,041 - ERROR - SensorApp.Bluetooth - Bluetooth-Adapter Fehler: ('Bluetooth radio is not powered on. Turn on Bluetooth and try again.', <BleakBluetoothNotAvailableReason.POWERED_OFF: 3>)
2026-09-30 15:07:50,055 - ERROR - SensorApp.Bluetooth - Bluetooth-Adapter Fehler: ('Bluetooth radio is not powered on. Turn on Bluetooth and try again.', <BleakBluetoothNotAvailableReason.POWERED_OFF: 3>)
2026-09-30 15:07:57,160 - INFO - SensorApp - Bereit. Starte automatische Bluetooth-Verbindung...
Tipp: Halte 'x' oder 'y' beim Scrollen für gezielten Zoom!
2026-09-30 15:07:57,666 - INFO - SensorApp.Bluetooth - Automatischer Verbindungsmodus gestartet.
2026-09-30 15:07:57,707 - ERROR - SensorApp.Bluetooth - Bluetooth-Adapter Fehler: ('Bluetooth radio is not powered on. Turn on Bluetooth and try again.', <BleakBluetoothNotAvailableReason.POWERED_OFF: 3>)
2026-09-30 15:08:02,724 - ERROR - SensorApp.Bluetooth - Bluetooth-Adapter Fehler: ('Bluetooth radio is not powered on. Turn on Bluetooth and try again.', <BleakBluetoothNotAvailableReason.POWERED_OFF: 3>)
2026-09-30 15:08:03,154 - INFO - SensorApp - Lade Daten: messung_20260929_163246_d254s.csv
2026-09-30 15:08:09,292 - INFO - SensorApp - Bereit. Starte automatische Bluetooth-Verbindung...
Tipp: Halte 'x' oder 'y' beim Scrollen für gezielten Zoom!
2026-09-30 15:08:09,802 - INFO - SensorApp.Bluetooth - Automatischer Verbindungsmodus gestartet.
2026-09-30 15:08:09,829 - ERROR - SensorApp.Bluetooth - Bluetooth-Adapter Fehler: ('Bluetooth radio is not powered on. Turn on Bluetooth and try again.', <BleakBluetoothNotAvailableReason.POWERED_OFF: 3>)
2026-09-30 15:08:14,835 - ERROR - SensorApp.Bluetooth - Bluetooth-Adapter Fehler: ('Bluetooth radio is not powered on. Turn on Bluetooth and try again.', <BleakBluetoothNotAvailableReason.POWERED_OFF: 3>)
2026-09-30 15:08:18,468 - INFO - SensorApp - Lade Daten: messung_20260929_163246_d254s.csv
2026-09-30 15:08:19,856 - ERROR - SensorApp.Bluetooth - Bluetooth-Adapter Fehler: ('Bluetooth radio is not powered on. Turn on Bluetooth and try again.', <BleakBluetoothNotAvailableReason.POWERED_OFF: 3>)
2026-09-30 15:08:24,873 - ERROR - SensorApp.Bluetooth - Bluetooth-Adapter Fehler: ('Bluetooth radio is not powered on. Turn on Bluetooth and try again.', <BleakBluetoothNotAvailableReason.POWERED_OFF: 3>)
2026-09-30 15:08:29,894 - ERROR - SensorApp.Bluetooth - Bluetooth-Adapter Fehler: ('Bluetooth radio is not powered on. Turn on Bluetooth and try again.', <BleakBluetoothNotAvailableReason.POWERED_OFF: 3>)
2026-09-30 15:08:34,908 - ERROR - SensorApp.Bluetooth - Bluetooth-Adapter Fehler: ('Bluetooth radio is not powered on. Turn on Bluetooth and try again.', <BleakBluetoothNotAvailableReason.POWERED_OFF: 3>)
2026-09-30 15:08:39,926 - ERROR - SensorApp.Bluetooth - Bluetooth-Adapter Fehler: ('Bluetooth radio is not powered on. Turn on Bluetooth and try again.', <BleakBluetoothNotAvailableReason.POWERED_OFF: 3>)
2026-09-30 15:08:44,937 - ERROR - SensorApp.Bluetooth - Bluetooth-Adapter Fehler: ('Bluetooth radio is not powered on. Turn on Bluetooth and try again.', <BleakBluetoothNotAvailableReason.POWERED_OFF: 3>)
2026-09-30 15:08:49,970 - ERROR - SensorApp.Bluetooth - Bluetooth-Adapter Fehler: ('Bluetooth radio is not powered on. Turn on Bluetooth and try again.', <BleakBluetoothNotAvailableReason.POWERED_OFF: 3>)
2026-09-30 15:08:54,992 - ERROR - SensorApp.Bluetooth - Bluetooth-Adapter Fehler: ('Bluetooth radio is not powered on. Turn on Bluetooth and try again.', <BleakBluetoothNotAvailableReason.POWERED_OFF: 3>)
2026-09-30 15:09:00,008 - ERROR - SensorApp.Bluetooth - Bluetooth-Adapter Fehler: ('Bluetooth radio is not powered on. Turn on Bluetooth and try again.', <BleakBluetoothNotAvailableReason.POWERED_OFF: 3>)
2026-09-30 15:09:05,029 - ERROR - SensorApp.Bluetooth - Bluetooth-Adapter Fehler: ('Bluetooth radio is not powered on. Turn on Bluetooth and try again.', <BleakBluetoothNotAvailableReason.POWERED_OFF: 3>)
2026-09-30 15:09:10,042 - ERROR - SensorApp.Bluetooth - Bluetooth-Adapter Fehler: ('Bluetooth radio is not powered on. Turn on Bluetooth and try again.', <BleakBluetoothNotAvailableReason.POWERED_OFF: 3>)
2026-09-30 15:09:15,054 - ERROR - SensorApp.Bluetooth - Bluetooth-Adapter Fehler: ('Bluetooth radio is not powered on. Turn on Bluetooth and try again.', <BleakBluetoothNotAvailableReason.POWERED_OFF: 3>)
2026-09-30 15:09:20,075 - ERROR - SensorApp.Bluetooth - Bluetooth-Adapter Fehler: ('Bluetooth radio is not powered on. Turn on Bluetooth and try again.', <BleakBluetoothNotAvailableReason.POWERED_OFF: 3>)
2026-09-30 15:09:25,092 - ERROR - SensorApp.Bluetooth - Bluetooth-Adapter Fehler: ('Bluetooth radio is not powered on. Turn on Bluetooth and try again.', <BleakBluetoothNotAvailableReason.POWERED_OFF: 3>)
2026-09-30 15:09:30,107 - ERROR - SensorApp.Bluetooth - Bluetooth-Adapter Fehler: ('Bluetooth radio is not powered on. Turn on Bluetooth and try again.', <BleakBluetoothNotAvailableReason.POWERED_OFF: 3>)
2026-09-30 15:09:35,126 - ERROR - SensorApp.Bluetooth - Bluetooth-Adapter Fehler: ('Bluetooth radio is not powered on. Turn on Bluetooth and try again.', <BleakBluetoothNotAvailableReason.POWERED_OFF: 3>)
2026-09-30 15:09:40,145 - ERROR - SensorApp.Bluetooth - Bluetooth-Adapter Fehler: ('Bluetooth radio is not powered on. Turn on Bluetooth and try again.', <BleakBluetoothNotAvailableReason.POWERED_OFF: 3>)
2026-09-30 15:09:45,154 - ERROR - SensorApp.Bluetooth - Bluetooth-Adapter Fehler: ('Bluetooth radio is not powered on. Turn on Bluetooth and try again.', <BleakBluetoothNotAvailableReason.POWERED_OFF: 3>)
2026-09-30 15:09:50,173 - ERROR - SensorApp.Bluetooth - Bluetooth-Adapter Fehler: ('Bluetooth radio is not powered on. Turn on Bluetooth and try again.', <BleakBluetoothNotAvailableReason.POWERED_OFF: 3>)
2026-09-30 15:09:55,189 - ERROR - SensorApp.Bluetooth - Bluetooth-Adapter Fehler: ('Bluetooth radio is not powered on. Turn on Bluetooth and try again.', <BleakBluetoothNotAvailableReason.POWERED_OFF: 3>)
2026-09-30 15:10:00,197 - ERROR - SensorApp.Bluetooth - Bluetooth-Adapter Fehler: ('Bluetooth radio is not powered on. Turn on Bluetooth and try again.', <BleakBluetoothNotAvailableReason.POWERED_OFF: 3>)
2026-09-30 15:10:05,215 - ERROR - SensorApp.Bluetooth - Bluetooth-Adapter Fehler: ('Bluetooth radio is not powered on. Turn on Bluetooth and try again.', <BleakBluetoothNotAvailableReason.POWERED_OFF: 3>)
2026-09-30 15:10:10,229 - ERROR - SensorApp.Bluetooth - Bluetooth-Adapter Fehler: ('Bluetooth radio is not powered on. Turn on Bluetooth and try again.', <BleakBluetoothNotAvailableReason.POWERED_OFF: 3>)
2026-09-30 15:10:15,241 - ERROR - SensorApp.Bluetooth - Bluetooth-Adapter Fehler: ('Bluetooth radio is not powered on. Turn on Bluetooth and try again.', <BleakBluetoothNotAvailableReason.POWERED_OFF: 3>)
2026-09-30 15:10:20,256 - ERROR - SensorApp.Bluetooth - Bluetooth-Adapter Fehler: ('Bluetooth radio is not powered on. Turn on Bluetooth and try again.', <BleakBluetoothNotAvailableReason.POWERED_OFF: 3>)
2026-09-30 15:10:25,259 - ERROR - SensorApp.Bluetooth - Bluetooth-Adapter Fehler: ('Bluetooth radio is not powered on. Turn on Bluetooth and try again.', <BleakBluetoothNotAvailableReason.POWERED_OFF: 3>)
2026-09-30 15:10:30,272 - ERROR - SensorApp.Bluetooth - Bluetooth-Adapter Fehler: ('Bluetooth radio is not powered on. Turn on Bluetooth and try again.', <BleakBluetoothNotAvailableReason.POWERED_OFF: 3>)
2026-09-30 15:10:35,278 - ERROR - SensorApp.Bluetooth - Bluetooth-Adapter Fehler: ('Bluetooth radio is not powered on. Turn on Bluetooth and try again.', <BleakBluetoothNotAvailableReason.POWERED_OFF: 3>)
2026-09-30 15:10:40,291 - ERROR - SensorApp.Bluetooth - Bluetooth-Adapter Fehler: ('Bluetooth radio is not powered on. Turn on Bluetooth and try again.', <BleakBluetoothNotAvailableReason.POWERED_OFF: 3>)
2026-09-30 15:12:04,689 - INFO - SensorApp - Bereit. Starte automatische Bluetooth-Verbindung...
Tipp: Halte 'x' oder 'y' beim Scrollen für gezielten Zoom!
2026-09-30 15:12:05,193 - INFO - SensorApp.Bluetooth - Automatischer Verbindungsmodus gestartet.
2026-09-30 15:12:05,220 - ERROR - SensorApp.Bluetooth - Bluetooth-Adapter Fehler: ('Bluetooth radio is not powered on. Turn on Bluetooth and try again.', <BleakBluetoothNotAvailableReason.POWERED_OFF: 3>)
2026-09-30 15:12:10,239 - ERROR - SensorApp.Bluetooth - Bluetooth-Adapter Fehler: ('Bluetooth radio is not powered on. Turn on Bluetooth and try again.', <BleakBluetoothNotAvailableReason.POWERED_OFF: 3>)
2026-09-30 15:12:15,250 - ERROR - SensorApp.Bluetooth - Bluetooth-Adapter Fehler: ('Bluetooth radio is not powered on. Turn on Bluetooth and try again.', <BleakBluetoothNotAvailableReason.POWERED_OFF: 3>)
2026-09-30 15:12:15,392 - INFO - SensorApp - Lade Daten: messung_20260929_162538_d254s.csv
2026-09-30 15:12:20,271 - ERROR - SensorApp.Bluetooth - Bluetooth-Adapter Fehler: ('Bluetooth radio is not powered on. Turn on Bluetooth and try again.', <BleakBluetoothNotAvailableReason.POWERED_OFF: 3>)
2026-09-30 15:12:25,285 - ERROR - SensorApp.Bluetooth - Bluetooth-Adapter Fehler: ('Bluetooth radio is not powered on. Turn on Bluetooth and try again.', <BleakBluetoothNotAvailableReason.POWERED_OFF: 3>)
2026-09-30 15:12:30,300 - ERROR - SensorApp.Bluetooth - Bluetooth-Adapter Fehler: ('Bluetooth radio is not powered on. Turn on Bluetooth and try again.', <BleakBluetoothNotAvailableReason.POWERED_OFF: 3>)
2026-09-30 15:12:35,311 - ERROR - SensorApp.Bluetooth - Bluetooth-Adapter Fehler: ('Bluetooth radio is not powered on. Turn on Bluetooth and try again.', <BleakBluetoothNotAvailableReason.POWERED_OFF: 3>)
2026-09-30 15:12:40,324 - ERROR - SensorApp.Bluetooth - Bluetooth-Adapter Fehler: ('Bluetooth radio is not powered on. Turn on Bluetooth and try again.', <BleakBluetoothNotAvailableReason.POWERED_OFF: 3>)
2026-09-30 15:12:45,341 - ERROR - SensorApp.Bluetooth - Bluetooth-Adapter Fehler: ('Bluetooth radio is not powered on. Turn on Bluetooth and try again.', <BleakBluetoothNotAvailableReason.POWERED_OFF: 3>)
2026-09-30 15:12:50,354 - ERROR - SensorApp.Bluetooth - Bluetooth-Adapter Fehler: ('Bluetooth radio is not powered on. Turn on Bluetooth and try again.', <BleakBluetoothNotAvailableReason.POWERED_OFF: 3>)
2026-09-30 15:12:55,370 - ERROR - SensorApp.Bluetooth - Bluetooth-Adapter Fehler: ('Bluetooth radio is not powered on. Turn on Bluetooth and try again.', <BleakBluetoothNotAvailableReason.POWERED_OFF: 3>)
2026-09-30 15:13:00,390 - ERROR - SensorApp.Bluetooth - Bluetooth-Adapter Fehler: ('Bluetooth radio is not powered on. Turn on Bluetooth and try again.', <BleakBluetoothNotAvailableReason.POWERED_OFF: 3>)
2026-09-30 15:13:05,400 - ERROR - SensorApp.Bluetooth - Bluetooth-Adapter Fehler: ('Bluetooth radio is not powered on. Turn on Bluetooth and try again.', <BleakBluetoothNotAvailableReason.POWERED_OFF: 3>)
2026-09-30 15:13:10,424 - ERROR - SensorApp.Bluetooth - Bluetooth-Adapter Fehler: ('Bluetooth radio is not powered on. Turn on Bluetooth and try again.', <BleakBluetoothNotAvailableReason.POWERED_OFF: 3>)
2026-09-30 15:13:15,437 - ERROR - SensorApp.Bluetooth - Bluetooth-Adapter Fehler: ('Bluetooth radio is not powered on. Turn on Bluetooth and try again.', <BleakBluetoothNotAvailableReason.POWERED_OFF: 3>)
2026-09-30 15:13:20,457 - ERROR - SensorApp.Bluetooth - Bluetooth-Adapter Fehler: ('Bluetooth radio is not powered on. Turn on Bluetooth and try again.', <BleakBluetoothNotAvailableReason.POWERED_OFF: 3>)
2026-09-30 15:13:25,480 - ERROR - SensorApp.Bluetooth - Bluetooth-Adapter Fehler: ('Bluetooth radio is not powered on. Turn on Bluetooth and try again.', <BleakBluetoothNotAvailableReason.POWERED_OFF: 3>)
2026-09-30 15:13:30,501 - ERROR - SensorApp.Bluetooth - Bluetooth-Adapter Fehler: ('Bluetooth radio is not powered on. Turn on Bluetooth and try again.', <BleakBluetoothNotAvailableReason.POWERED_OFF: 3>)
2026-09-30 15:13:35,522 - ERROR - SensorApp.Bluetooth - Bluetooth-Adapter Fehler: ('Bluetooth radio is not powered on. Turn on Bluetooth and try again.', <BleakBluetoothNotAvailableReason.POWERED_OFF: 3>)
2026-09-30 15:13:40,539 - ERROR - SensorApp.Bluetooth - Bluetooth-Adapter Fehler: ('Bluetooth radio is not powered on. Turn on Bluetooth and try again.', <BleakBluetoothNotAvailableReason.POWERED_OFF: 3>)
2026-09-30 15:13:45,550 - ERROR - SensorApp.Bluetooth - Bluetooth-Adapter Fehler: ('Bluetooth radio is not powered on. Turn on Bluetooth and try again.', <BleakBluetoothNotAvailableReason.POWERED_OFF: 3>)
2026-09-30 15:13:50,570 - ERROR - SensorApp.Bluetooth - Bluetooth-Adapter Fehler: ('Bluetooth radio is not powered on. Turn on Bluetooth and try again.', <BleakBluetoothNotAvailableReason.POWERED_OFF: 3>)
2026-09-30 15:13:55,606 - ERROR - SensorApp.Bluetooth - Bluetooth-Adapter Fehler: ('Bluetooth radio is not powered on. Turn on Bluetooth and try again.', <BleakBluetoothNotAvailableReason.POWERED_OFF: 3>)
2026-09-30 15:14:00,620 - ERROR - SensorApp.Bluetooth - Bluetooth-Adapter Fehler: ('Bluetooth radio is not powered on. Turn on Bluetooth and try again.', <BleakBluetoothNotAvailableReason.POWERED_OFF: 3>)
2026-09-30 15:14:05,639 - ERROR - SensorApp.Bluetooth - Bluetooth-Adapter Fehler: ('Bluetooth radio is not powered on. Turn on Bluetooth and try again.', <BleakBluetoothNotAvailableReason.POWERED_OFF: 3>)
2026-09-30 15:14:10,650 - ERROR - SensorApp.Bluetooth - Bluetooth-Adapter Fehler: ('Bluetooth radio is not powered on. Turn on Bluetooth and try again.', <BleakBluetoothNotAvailableReason.POWERED_OFF: 3>)
2026-09-30 15:14:15,668 - ERROR - SensorApp.Bluetooth - Bluetooth-Adapter Fehler: ('Bluetooth radio is not powered on. Turn on Bluetooth and try again.', <BleakBluetoothNotAvailableReason.POWERED_OFF: 3>)
2026-09-30 15:14:20,692 - ERROR - SensorApp.Bluetooth - Bluetooth-Adapter Fehler: ('Bluetooth radio is not powered on. Turn on Bluetooth and try again.', <BleakBluetoothNotAvailableReason.POWERED_OFF: 3>)
2026-09-30 15:14:25,706 - ERROR - SensorApp.Bluetooth - Bluetooth-Adapter Fehler: ('Bluetooth radio is not powered on. Turn on Bluetooth and try again.', <BleakBluetoothNotAvailableReason.POWERED_OFF: 3>)
2026-09-30 15:14:30,717 - ERROR - SensorApp.Bluetooth - Bluetooth-Adapter Fehler: ('Bluetooth radio is not powered on. Turn on Bluetooth and try again.', <BleakBluetoothNotAvailableReason.POWERED_OFF: 3>)
2026-09-30 15:14:35,743 - ERROR - SensorApp.Bluetooth - Bluetooth-Adapter Fehler: ('Bluetooth radio is not powered on. Turn on Bluetooth and try again.', <BleakBluetoothNotAvailableReason.POWERED_OFF: 3>)
2026-09-30 15:14:40,746 - ERROR - SensorApp.Bluetooth - Bluetooth-Adapter Fehler: ('Bluetooth radio is not powered on. Turn on Bluetooth and try again.', <BleakBluetoothNotAvailableReason.POWERED_OFF: 3>)
2026-09-30 15:14:45,759 - ERROR - SensorApp.Bluetooth - Bluetooth-Adapter Fehler: ('Bluetooth radio is not powered on. Turn on Bluetooth and try again.', <BleakBluetoothNotAvailableReason.POWERED_OFF: 3>)
2026-09-30 15:14:50,766 - ERROR - SensorApp.Bluetooth - Bluetooth-Adapter Fehler: ('Bluetooth radio is not powered on. Turn on Bluetooth and try again.', <BleakBluetoothNotAvailableReason.POWERED_OFF: 3>)
2026-09-30 15:14:55,782 - ERROR - SensorApp.Bluetooth - Bluetooth-Adapter Fehler: ('Bluetooth radio is not powered on. Turn on Bluetooth and try again.', <BleakBluetoothNotAvailableReason.POWERED_OFF: 3>)
2026-09-30 15:15:00,795 - ERROR - SensorApp.Bluetooth - Bluetooth-Adapter Fehler: ('Bluetooth radio is not powered on. Turn on Bluetooth and try again.', <BleakBluetoothNotAvailableReason.POWERED_OFF: 3>)
2026-09-30 15:15:05,796 - ERROR - SensorApp.Bluetooth - Bluetooth-Adapter Fehler: ('Bluetooth radio is not powered on. Turn on Bluetooth and try again.', <BleakBluetoothNotAvailableReason.POWERED_OFF: 3>)
2026-09-30 15:15:10,799 - ERROR - SensorApp.Bluetooth - Bluetooth-Adapter Fehler: ('Bluetooth radio is not powered on. Turn on Bluetooth and try again.', <BleakBluetoothNotAvailableReason.POWERED_OFF: 3>)
2026-09-30 15:15:15,821 - ERROR - SensorApp.Bluetooth - Bluetooth-Adapter Fehler: ('Bluetooth radio is not powered on. Turn on Bluetooth and try again.', <BleakBluetoothNotAvailableReason.POWERED_OFF: 3>)
2026-09-30 15:15:20,840 - ERROR - SensorApp.Bluetooth - Bluetooth-Adapter Fehler: ('Bluetooth radio is not powered on. Turn on Bluetooth and try again.', <BleakBluetoothNotAvailableReason.POWERED_OFF: 3>)
2026-09-30 15:15:25,855 - ERROR - SensorApp.Bluetooth - Bluetooth-Adapter Fehler: ('Bluetooth radio is not powered on. Turn on Bluetooth and try again.', <BleakBluetoothNotAvailableReason.POWERED_OFF: 3>)
2026-09-30 15:15:30,867 - ERROR - SensorApp.Bluetooth - Bluetooth-Adapter Fehler: ('Bluetooth radio is not powered on. Turn on Bluetooth and try again.', <BleakBluetoothNotAvailableReason.POWERED_OFF: 3>)
2026-09-30 15:15:35,884 - ERROR - SensorApp.Bluetooth - Bluetooth-Adapter Fehler: ('Bluetooth radio is not powered on. Turn on Bluetooth and try again.', <BleakBluetoothNotAvailableReason.POWERED_OFF: 3>)
2026-09-30 15:15:40,896 - ERROR - SensorApp.Bluetooth - Bluetooth-Adapter Fehler: ('Bluetooth radio is not powered on. Turn on Bluetooth and try again.', <BleakBluetoothNotAvailableReason.POWERED_OFF: 3>)
2026-09-30 15:15:45,913 - ERROR - SensorApp.Bluetooth - Bluetooth-Adapter Fehler: ('Bluetooth radio is not powered on. Turn on Bluetooth and try again.', <BleakBluetoothNotAvailableReason.POWERED_OFF: 3>)
2026-09-30 15:15:50,936 - ERROR - SensorApp.Bluetooth - Bluetooth-Adapter Fehler: ('Bluetooth radio is not powered on. Turn on Bluetooth and try again.', <BleakBluetoothNotAvailableReason.POWERED_OFF: 3>)
2026-09-30 15:15:55,954 - ERROR - SensorApp.Bluetooth - Bluetooth-Adapter Fehler: ('Bluetooth radio is not powered on. Turn on Bluetooth and try again.', <BleakBluetoothNotAvailableReason.POWERED_OFF: 3>)
2026-09-30 15:16:00,966 - ERROR - SensorApp.Bluetooth - Bluetooth-Adapter Fehler: ('Bluetooth radio is not powered on. Turn on Bluetooth and try again.', <BleakBluetoothNotAvailableReason.POWERED_OFF: 3>)
2026-09-30 15:16:05,983 - ERROR - SensorApp.Bluetooth - Bluetooth-Adapter Fehler: ('Bluetooth radio is not powered on. Turn on Bluetooth and try again.', <BleakBluetoothNotAvailableReason.POWERED_OFF: 3>)
2026-09-30 15:16:11,003 - ERROR - SensorApp.Bluetooth - Bluetooth-Adapter Fehler: ('Bluetooth radio is not powered on. Turn on Bluetooth and try again.', <BleakBluetoothNotAvailableReason.POWERED_OFF: 3>)
2026-09-30 15:16:16,021 - ERROR - SensorApp.Bluetooth - Bluetooth-Adapter Fehler: ('Bluetooth radio is not powered on. Turn on Bluetooth and try again.', <BleakBluetoothNotAvailableReason.POWERED_OFF: 3>)
2026-09-30 15:16:21,037 - ERROR - SensorApp.Bluetooth - Bluetooth-Adapter Fehler: ('Bluetooth radio is not powered on. Turn on Bluetooth and try again.', <BleakBluetoothNotAvailableReason.POWERED_OFF: 3>)
2026-09-30 15:16:26,053 - ERROR - SensorApp.Bluetooth - Bluetooth-Adapter Fehler: ('Bluetooth radio is not powered on. Turn on Bluetooth and try again.', <BleakBluetoothNotAvailableReason.POWERED_OFF: 3>)
2026-09-30 15:16:31,070 - ERROR - SensorApp.Bluetooth - Bluetooth-Adapter Fehler: ('Bluetooth radio is not powered on. Turn on Bluetooth and try again.', <BleakBluetoothNotAvailableReason.POWERED_OFF: 3>)
2026-09-30 15:16:36,087 - ERROR - SensorApp.Bluetooth - Bluetooth-Adapter Fehler: ('Bluetooth radio is not powered on. Turn on Bluetooth and try again.', <BleakBluetoothNotAvailableReason.POWERED_OFF: 3>)
2026-09-30 15:16:41,096 - ERROR - SensorApp.Bluetooth - Bluetooth-Adapter Fehler: ('Bluetooth radio is not powered on. Turn on Bluetooth and try again.', <BleakBluetoothNotAvailableReason.POWERED_OFF: 3>)
2026-09-30 15:16:46,119 - ERROR - SensorApp.Bluetooth - Bluetooth-Adapter Fehler: ('Bluetooth radio is not powered on. Turn on Bluetooth and try again.', <BleakBluetoothNotAvailableReason.POWERED_OFF: 3>)
2026-09-30 15:16:51,123 - ERROR - SensorApp.Bluetooth - Bluetooth-Adapter Fehler: ('Bluetooth radio is not powered on. Turn on Bluetooth and try again.', <BleakBluetoothNotAvailableReason.POWERED_OFF: 3>)
2026-09-30 15:16:56,132 - ERROR - SensorApp.Bluetooth - Bluetooth-Adapter Fehler: ('Bluetooth radio is not powered on. Turn on Bluetooth and try again.', <BleakBluetoothNotAvailableReason.POWERED_OFF: 3>)
2026-09-30 15:17:01,148 - ERROR - SensorApp.Bluetooth - Bluetooth-Adapter Fehler: ('Bluetooth radio is not powered on. Turn on Bluetooth and try again.', <BleakBluetoothNotAvailableReason.POWERED_OFF: 3>)
2026-09-30 15:17:06,167 - ERROR - SensorApp.Bluetooth - Bluetooth-Adapter Fehler: ('Bluetooth radio is not powered on. Turn on Bluetooth and try again.', <BleakBluetoothNotAvailableReason.POWERED_OFF: 3>)
2026-09-30 15:17:11,173 - ERROR - SensorApp.Bluetooth - Bluetooth-Adapter Fehler: ('Bluetooth radio is not powered on. Turn on Bluetooth and try again.', <BleakBluetoothNotAvailableReason.POWERED_OFF: 3>)
2026-09-30 15:17:16,180 - ERROR - SensorApp.Bluetooth - Bluetooth-Adapter Fehler: ('Bluetooth radio is not powered on. Turn on Bluetooth and try again.', <BleakBluetoothNotAvailableReason.POWERED_OFF: 3>)
2026-09-30 15:17:21,196 - ERROR - SensorApp.Bluetooth - Bluetooth-Adapter Fehler: ('Bluetooth radio is not powered on. Turn on Bluetooth and try again.', <BleakBluetoothNotAvailableReason.POWERED_OFF: 3>)
2026-09-30 15:17:24,963 - INFO - SensorApp - Bereit. Starte automatische Bluetooth-Verbindung...
Tipp: Halte 'x' oder 'y' beim Scrollen für gezielten Zoom!
2026-09-30 15:17:25,477 - INFO - SensorApp.Bluetooth - Automatischer Verbindungsmodus gestartet.
2026-09-30 15:17:25,504 - ERROR - SensorApp.Bluetooth - Bluetooth-Adapter Fehler: ('Bluetooth radio is not powered on. Turn on Bluetooth and try again.', <BleakBluetoothNotAvailableReason.POWERED_OFF: 3>)
2026-09-30 15:17:30,515 - ERROR - SensorApp.Bluetooth - Bluetooth-Adapter Fehler: ('Bluetooth radio is not powered on. Turn on Bluetooth and try again.', <BleakBluetoothNotAvailableReason.POWERED_OFF: 3>)
2026-09-30 15:17:34,367 - INFO - SensorApp - Lade Daten: messung_20260929_162538_d254s.csv
2026-09-30 15:17:35,528 - ERROR - SensorApp.Bluetooth - Bluetooth-Adapter Fehler: ('Bluetooth radio is not powered on. Turn on Bluetooth and try again.', <BleakBluetoothNotAvailableReason.POWERED_OFF: 3>)
2026-09-30 15:17:40,545 - ERROR - SensorApp.Bluetooth - Bluetooth-Adapter Fehler: ('Bluetooth radio is not powered on. Turn on Bluetooth and try again.', <BleakBluetoothNotAvailableReason.POWERED_OFF: 3>)
2026-09-30 15:17:45,566 - ERROR - SensorApp.Bluetooth - Bluetooth-Adapter Fehler: ('Bluetooth radio is not powered on. Turn on Bluetooth and try again.', <BleakBluetoothNotAvailableReason.POWERED_OFF: 3>)
2026-09-30 15:17:52,982 - INFO - SensorApp - Bereit. Starte automatische Bluetooth-Verbindung...
Tipp: Halte 'x' oder 'y' beim Scrollen für gezielten Zoom!
2026-09-30 15:17:53,488 - INFO - SensorApp.Bluetooth - Automatischer Verbindungsmodus gestartet.
2026-09-30 15:17:53,512 - ERROR - SensorApp.Bluetooth - Bluetooth-Adapter Fehler: ('Bluetooth radio is not powered on. Turn on Bluetooth and try again.', <BleakBluetoothNotAvailableReason.POWERED_OFF: 3>)
2026-09-30 15:17:58,515 - ERROR - SensorApp.Bluetooth - Bluetooth-Adapter Fehler: ('Bluetooth radio is not powered on. Turn on Bluetooth and try again.', <BleakBluetoothNotAvailableReason.POWERED_OFF: 3>)
2026-09-30 15:18:01,259 - INFO - SensorApp - Lade Daten: messung_20260929_163110_d254s.csv
2026-09-30 15:18:03,530 - ERROR - SensorApp.Bluetooth - Bluetooth-Adapter Fehler: ('Bluetooth radio is not powered on. Turn on Bluetooth and try again.', <BleakBluetoothNotAvailableReason.POWERED_OFF: 3>)
2026-09-30 15:18:08,448 - INFO - SensorApp - Bereit. Starte automatische Bluetooth-Verbindung...
Tipp: Halte 'x' oder 'y' beim Scrollen für gezielten Zoom!
2026-09-30 15:18:08,951 - INFO - SensorApp.Bluetooth - Automatischer Verbindungsmodus gestartet.
2026-09-30 15:18:08,977 - ERROR - SensorApp.Bluetooth - Bluetooth-Adapter Fehler: ('Bluetooth radio is not powered on. Turn on Bluetooth and try again.', <BleakBluetoothNotAvailableReason.POWERED_OFF: 3>)
2026-09-30 15:18:13,991 - ERROR - SensorApp.Bluetooth - Bluetooth-Adapter Fehler: ('Bluetooth radio is not powered on. Turn on Bluetooth and try again.', <BleakBluetoothNotAvailableReason.POWERED_OFF: 3>)
2026-09-30 15:18:13,992 - INFO - SensorApp - Lade Daten: messung_20260929_162538_d254s.csv
2026-09-30 15:18:19,019 - ERROR - SensorApp.Bluetooth - Bluetooth-Adapter Fehler: ('Bluetooth radio is not powered on. Turn on Bluetooth and try again.', <BleakBluetoothNotAvailableReason.POWERED_OFF: 3>)
2026-09-30 15:18:24,027 - ERROR - SensorApp.Bluetooth - Bluetooth-Adapter Fehler: ('Bluetooth radio is not powered on. Turn on Bluetooth and try again.', <BleakBluetoothNotAvailableReason.POWERED_OFF: 3>)
2026-09-30 15:18:29,034 - ERROR - SensorApp.Bluetooth - Bluetooth-Adapter Fehler: ('Bluetooth radio is not powered on. Turn on Bluetooth and try again.', <BleakBluetoothNotAvailableReason.POWERED_OFF: 3>)
2026-09-30 15:18:34,043 - ERROR - SensorApp.Bluetooth - Bluetooth-Adapter Fehler: ('Bluetooth radio is not powered on. Turn on Bluetooth and try again.', <BleakBluetoothNotAvailableReason.POWERED_OFF: 3>)
2026-09-30 15:18:39,047 - ERROR - SensorApp.Bluetooth - Bluetooth-Adapter Fehler: ('Bluetooth radio is not powered on. Turn on Bluetooth and try again.', <BleakBluetoothNotAvailableReason.POWERED_OFF: 3>)
2026-09-30 15:18:44,060 - ERROR - SensorApp.Bluetooth - Bluetooth-Adapter Fehler: ('Bluetooth radio is not powered on. Turn on Bluetooth and try again.', <BleakBluetoothNotAvailableReason.POWERED_OFF: 3>)
2026-09-30 15:18:49,082 - ERROR - SensorApp.Bluetooth - Bluetooth-Adapter Fehler: ('Bluetooth radio is not powered on. Turn on Bluetooth and try again.', <BleakBluetoothNotAvailableReason.POWERED_OFF: 3>)
2026-09-30 15:18:54,095 - ERROR - SensorApp.Bluetooth - Bluetooth-Adapter Fehler: ('Bluetooth radio is not powered on. Turn on Bluetooth and try again.', <BleakBluetoothNotAvailableReason.POWERED_OFF: 3>)
2026-09-30 15:18:59,109 - ERROR - SensorApp.Bluetooth - Bluetooth-Adapter Fehler: ('Bluetooth radio is not powered on. Turn on Bluetooth and try again.', <BleakBluetoothNotAvailableReason.POWERED_OFF: 3>)
2026-09-30 15:19:04,111 - ERROR - SensorApp.Bluetooth - Bluetooth-Adapter Fehler: ('Bluetooth radio is not powered on. Turn on Bluetooth and try again.', <BleakBluetoothNotAvailableReason.POWERED_OFF: 3>)
2026-09-30 15:19:09,132 - ERROR - SensorApp.Bluetooth - Bluetooth-Adapter Fehler: ('Bluetooth radio is not powered on. Turn on Bluetooth and try again.', <BleakBluetoothNotAvailableReason.POWERED_OFF: 3>)
2026-09-30 15:19:14,148 - ERROR - SensorApp.Bluetooth - Bluetooth-Adapter Fehler: ('Bluetooth radio is not powered on. Turn on Bluetooth and try again.', <BleakBluetoothNotAvailableReason.POWERED_OFF: 3>)
2026-09-30 15:19:19,162 - ERROR - SensorApp.Bluetooth - Bluetooth-Adapter Fehler: ('Bluetooth radio is not powered on. Turn on Bluetooth and try again.', <BleakBluetoothNotAvailableReason.POWERED_OFF: 3>)
2026-09-30 15:19:24,174 - ERROR - SensorApp.Bluetooth - Bluetooth-Adapter Fehler: ('Bluetooth radio is not powered on. Turn on Bluetooth and try again.', <BleakBluetoothNotAvailableReason.POWERED_OFF: 3>)
2026-09-30 15:19:29,177 - ERROR - SensorApp.Bluetooth - Bluetooth-Adapter Fehler: ('Bluetooth radio is not powered on. Turn on Bluetooth and try again.', <BleakBluetoothNotAvailableReason.POWERED_OFF: 3>)
2026-09-30 15:19:34,196 - ERROR - SensorApp.Bluetooth - Bluetooth-Adapter Fehler: ('Bluetooth radio is not powered on. Turn on Bluetooth and try again.', <BleakBluetoothNotAvailableReason.POWERED_OFF: 3>)
2026-09-30 15:19:39,211 - ERROR - SensorApp.Bluetooth - Bluetooth-Adapter Fehler: ('Bluetooth radio is not powered on. Turn on Bluetooth and try again.', <BleakBluetoothNotAvailableReason.POWERED_OFF: 3>)
2026-09-30 15:19:44,232 - ERROR - SensorApp.Bluetooth - Bluetooth-Adapter Fehler: ('Bluetooth radio is not powered on. Turn on Bluetooth and try again.', <BleakBluetoothNotAvailableReason.POWERED_OFF: 3>)
2026-09-30 15:19:49,248 - ERROR - SensorApp.Bluetooth - Bluetooth-Adapter Fehler: ('Bluetooth radio is not powered on. Turn on Bluetooth and try again.', <BleakBluetoothNotAvailableReason.POWERED_OFF: 3>)
2026-09-30 15:19:54,263 - ERROR - SensorApp.Bluetooth - Bluetooth-Adapter Fehler: ('Bluetooth radio is not powered on. Turn on Bluetooth and try again.', <BleakBluetoothNotAvailableReason.POWERED_OFF: 3>)
2026-09-30 15:19:59,271 - ERROR - SensorApp.Bluetooth - Bluetooth-Adapter Fehler: ('Bluetooth radio is not powered on. Turn on Bluetooth and try again.', <BleakBluetoothNotAvailableReason.POWERED_OFF: 3>)
2026-09-30 15:20:04,278 - ERROR - SensorApp.Bluetooth - Bluetooth-Adapter Fehler: ('Bluetooth radio is not powered on. Turn on Bluetooth and try again.', <BleakBluetoothNotAvailableReason.POWERED_OFF: 3>)
2026-09-30 15:20:09,291 - ERROR - SensorApp.Bluetooth - Bluetooth-Adapter Fehler: ('Bluetooth radio is not powered on. Turn on Bluetooth and try again.', <BleakBluetoothNotAvailableReason.POWERED_OFF: 3>)
2026-09-30 15:20:14,309 - ERROR - SensorApp.Bluetooth - Bluetooth-Adapter Fehler: ('Bluetooth radio is not powered on. Turn on Bluetooth and try again.', <BleakBluetoothNotAvailableReason.POWERED_OFF: 3>)
2026-09-30 15:20:19,325 - ERROR - SensorApp.Bluetooth - Bluetooth-Adapter Fehler: ('Bluetooth radio is not powered on. Turn on Bluetooth and try again.', <BleakBluetoothNotAvailableReason.POWERED_OFF: 3>)
2026-09-30 15:20:24,348 - ERROR - SensorApp.Bluetooth - Bluetooth-Adapter Fehler: ('Bluetooth radio is not powered on. Turn on Bluetooth and try again.', <BleakBluetoothNotAvailableReason.POWERED_OFF: 3>)
2026-09-30 15:20:29,359 - ERROR - SensorApp.Bluetooth - Bluetooth-Adapter Fehler: ('Bluetooth radio is not powered on. Turn on Bluetooth and try again.', <BleakBluetoothNotAvailableReason.POWERED_OFF: 3>)
2026-09-30 15:20:34,379 - ERROR - SensorApp.Bluetooth - Bluetooth-Adapter Fehler: ('Bluetooth radio is not powered on. Turn on Bluetooth and try again.', <BleakBluetoothNotAvailableReason.POWERED_OFF: 3>)
2026-09-30 15:20:39,392 - ERROR - SensorApp.Bluetooth - Bluetooth-Adapter Fehler: ('Bluetooth radio is not powered on. Turn on Bluetooth and try again.', <BleakBluetoothNotAvailableReason.POWERED_OFF: 3>)
2026-09-30 15:20:44,410 - ERROR - SensorApp.Bluetooth - Bluetooth-Adapter Fehler: ('Bluetooth radio is not powered on. Turn on Bluetooth and try again.', <BleakBluetoothNotAvailableReason.POWERED_OFF: 3>)
2026-09-30 15:20:49,422 - ERROR - SensorApp.Bluetooth - Bluetooth-Adapter Fehler: ('Bluetooth radio is not powered on. Turn on Bluetooth and try again.', <BleakBluetoothNotAvailableReason.POWERED_OFF: 3>)
2026-09-30 15:20:54,433 - ERROR - SensorApp.Bluetooth - Bluetooth-Adapter Fehler: ('Bluetooth radio is not powered on. Turn on Bluetooth and try again.', <BleakBluetoothNotAvailableReason.POWERED_OFF: 3>)
2026-09-30 15:20:59,448 - ERROR - SensorApp.Bluetooth - Bluetooth-Adapter Fehler: ('Bluetooth radio is not powered on. Turn on Bluetooth and try again.', <BleakBluetoothNotAvailableReason.POWERED_OFF: 3>)
2026-09-30 15:21:04,458 - ERROR - SensorApp.Bluetooth - Bluetooth-Adapter Fehler: ('Bluetooth radio is not powered on. Turn on Bluetooth and try again.', <BleakBluetoothNotAvailableReason.POWERED_OFF: 3>)
2026-09-30 15:21:09,458 - ERROR - SensorApp.Bluetooth - Bluetooth-Adapter Fehler: ('Bluetooth radio is not powered on. Turn on Bluetooth and try again.', <BleakBluetoothNotAvailableReason.POWERED_OFF: 3>)
2026-09-30 15:21:14,473 - ERROR - SensorApp.Bluetooth - Bluetooth-Adapter Fehler: ('Bluetooth radio is not powered on. Turn on Bluetooth and try again.', <BleakBluetoothNotAvailableReason.POWERED_OFF: 3>)
2026-09-30 15:21:19,483 - ERROR - SensorApp.Bluetooth - Bluetooth-Adapter Fehler: ('Bluetooth radio is not powered on. Turn on Bluetooth and try again.', <BleakBluetoothNotAvailableReason.POWERED_OFF: 3>)
2026-09-30 15:21:24,500 - ERROR - SensorApp.Bluetooth - Bluetooth-Adapter Fehler: ('Bluetooth radio is not powered on. Turn on Bluetooth and try again.', <BleakBluetoothNotAvailableReason.POWERED_OFF: 3>)
2026-09-30 15:21:29,506 - ERROR - SensorApp.Bluetooth - Bluetooth-Adapter Fehler: ('Bluetooth radio is not powered on. Turn on Bluetooth and try again.', <BleakBluetoothNotAvailableReason.POWERED_OFF: 3>)
2026-09-30 15:21:34,507 - ERROR - SensorApp.Bluetooth - Bluetooth-Adapter Fehler: ('Bluetooth radio is not powered on. Turn on Bluetooth and try again.', <BleakBluetoothNotAvailableReason.POWERED_OFF: 3>)
2026-09-30 15:21:39,517 - ERROR - SensorApp.Bluetooth - Bluetooth-Adapter Fehler: ('Bluetooth radio is not powered on. Turn on Bluetooth and try again.', <BleakBluetoothNotAvailableReason.POWERED_OFF: 3>)
2026-09-30 15:21:44,537 - ERROR - SensorApp.Bluetooth - Bluetooth-Adapter Fehler: ('Bluetooth radio is not powered on. Turn on Bluetooth and try again.', <BleakBluetoothNotAvailableReason.POWERED_OFF: 3>)
2026-09-30 15:21:49,549 - ERROR - SensorApp.Bluetooth - Bluetooth-Adapter Fehler: ('Bluetooth radio is not powered on. Turn on Bluetooth and try again.', <BleakBluetoothNotAvailableReason.POWERED_OFF: 3>)
2026-09-30 15:21:54,559 - ERROR - SensorApp.Bluetooth - Bluetooth-Adapter Fehler: ('Bluetooth radio is not powered on. Turn on Bluetooth and try again.', <BleakBluetoothNotAvailableReason.POWERED_OFF: 3>)
2026-09-30 15:21:59,575 - ERROR - SensorApp.Bluetooth - Bluetooth-Adapter Fehler: ('Bluetooth radio is not powered on. Turn on Bluetooth and try again.', <BleakBluetoothNotAvailableReason.POWERED_OFF: 3>)
2026-09-30 15:22:04,599 - ERROR - SensorApp.Bluetooth - Bluetooth-Adapter Fehler: ('Bluetooth radio is not powered on. Turn on Bluetooth and try again.', <BleakBluetoothNotAvailableReason.POWERED_OFF: 3>)
2026-09-30 15:22:09,625 - ERROR - SensorApp.Bluetooth - Bluetooth-Adapter Fehler: ('Bluetooth radio is not powered on. Turn on Bluetooth and try again.', <BleakBluetoothNotAvailableReason.POWERED_OFF: 3>)
2026-09-30 15:22:14,639 - ERROR - SensorApp.Bluetooth - Bluetooth-Adapter Fehler: ('Bluetooth radio is not powered on. Turn on Bluetooth and try again.', <BleakBluetoothNotAvailableReason.POWERED_OFF: 3>)
2026-09-30 15:22:19,662 - ERROR - SensorApp.Bluetooth - Bluetooth-Adapter Fehler: ('Bluetooth radio is not powered on. Turn on Bluetooth and try again.', <BleakBluetoothNotAvailableReason.POWERED_OFF: 3>)
2026-09-30 15:22:24,676 - ERROR - SensorApp.Bluetooth - Bluetooth-Adapter Fehler: ('Bluetooth radio is not powered on. Turn on Bluetooth and try again.', <BleakBluetoothNotAvailableReason.POWERED_OFF: 3>)
2026-09-30 15:22:29,697 - ERROR - SensorApp.Bluetooth - Bluetooth-Adapter Fehler: ('Bluetooth radio is not powered on. Turn on Bluetooth and try again.', <BleakBluetoothNotAvailableReason.POWERED_OFF: 3>)
2026-09-30 15:22:34,705 - ERROR - SensorApp.Bluetooth - Bluetooth-Adapter Fehler: ('Bluetooth radio is not powered on. Turn on Bluetooth and try again.', <BleakBluetoothNotAvailableReason.POWERED_OFF: 3>)
2026-09-30 15:22:39,708 - ERROR - SensorApp.Bluetooth - Bluetooth-Adapter Fehler: ('Bluetooth radio is not powered on. Turn on Bluetooth and try again.', <BleakBluetoothNotAvailableReason.POWERED_OFF: 3>)
2026-09-30 15:22:44,722 - ERROR - SensorApp.Bluetooth - Bluetooth-Adapter Fehler: ('Bluetooth radio is not powered on. Turn on Bluetooth and try again.', <BleakBluetoothNotAvailableReason.POWERED_OFF: 3>)
2026-09-30 15:22:49,745 - ERROR - SensorApp.Bluetooth - Bluetooth-Adapter Fehler: ('Bluetooth radio is not powered on. Turn on Bluetooth and try again.', <BleakBluetoothNotAvailableReason.POWERED_OFF: 3>)
2026-09-30 15:22:54,761 - ERROR - SensorApp.Bluetooth - Bluetooth-Adapter Fehler: ('Bluetooth radio is not powered on. Turn on Bluetooth and try again.', <BleakBluetoothNotAvailableReason.POWERED_OFF: 3>)
2026-09-30 15:22:59,779 - ERROR - SensorApp.Bluetooth - Bluetooth-Adapter Fehler: ('Bluetooth radio is not powered on. Turn on Bluetooth and try again.', <BleakBluetoothNotAvailableReason.POWERED_OFF: 3>)
2026-09-30 15:23:04,799 - ERROR - SensorApp.Bluetooth - Bluetooth-Adapter Fehler: ('Bluetooth radio is not powered on. Turn on Bluetooth and try again.', <BleakBluetoothNotAvailableReason.POWERED_OFF: 3>)
2026-09-30 15:23:09,813 - ERROR - SensorApp.Bluetooth - Bluetooth-Adapter Fehler: ('Bluetooth radio is not powered on. Turn on Bluetooth and try again.', <BleakBluetoothNotAvailableReason.POWERED_OFF: 3>)
2026-09-30 15:23:14,822 - ERROR - SensorApp.Bluetooth - Bluetooth-Adapter Fehler: ('Bluetooth radio is not powered on. Turn on Bluetooth and try again.', <BleakBluetoothNotAvailableReason.POWERED_OFF: 3>)
2026-09-30 15:23:19,823 - ERROR - SensorApp.Bluetooth - Bluetooth-Adapter Fehler: ('Bluetooth radio is not powered on. Turn on Bluetooth and try again.', <BleakBluetoothNotAvailableReason.POWERED_OFF: 3>)
2026-09-30 15:23:24,853 - ERROR - SensorApp.Bluetooth - Bluetooth-Adapter Fehler: ('Bluetooth radio is not powered on. Turn on Bluetooth and try again.', <BleakBluetoothNotAvailableReason.POWERED_OFF: 3>)
2026-09-30 15:23:29,865 - ERROR - SensorApp.Bluetooth - Bluetooth-Adapter Fehler: ('Bluetooth radio is not powered on. Turn on Bluetooth and try again.', <BleakBluetoothNotAvailableReason.POWERED_OFF: 3>)
2026-09-30 15:23:34,879 - ERROR - SensorApp.Bluetooth - Bluetooth-Adapter Fehler: ('Bluetooth radio is not powered on. Turn on Bluetooth and try again.', <BleakBluetoothNotAvailableReason.POWERED_OFF: 3>)
2026-09-30 15:23:39,897 - ERROR - SensorApp.Bluetooth - Bluetooth-Adapter Fehler: ('Bluetooth radio is not powered on. Turn on Bluetooth and try again.', <BleakBluetoothNotAvailableReason.POWERED_OFF: 3>)
2026-09-30 15:23:44,907 - ERROR - SensorApp.Bluetooth - Bluetooth-Adapter Fehler: ('Bluetooth radio is not powered on. Turn on Bluetooth and try again.', <BleakBluetoothNotAvailableReason.POWERED_OFF: 3>)
2026-09-30 15:23:49,922 - ERROR - SensorApp.Bluetooth - Bluetooth-Adapter Fehler: ('Bluetooth radio is not powered on. Turn on Bluetooth and try again.', <BleakBluetoothNotAvailableReason.POWERED_OFF: 3>)
2026-09-30 15:23:54,938 - ERROR - SensorApp.Bluetooth - Bluetooth-Adapter Fehler: ('Bluetooth radio is not powered on. Turn on Bluetooth and try again.', <BleakBluetoothNotAvailableReason.POWERED_OFF: 3>)
2026-09-30 15:23:59,945 - ERROR - SensorApp.Bluetooth - Bluetooth-Adapter Fehler: ('Bluetooth radio is not powered on. Turn on Bluetooth and try again.', <BleakBluetoothNotAvailableReason.POWERED_OFF: 3>)
2026-09-30 15:24:04,957 - ERROR - SensorApp.Bluetooth - Bluetooth-Adapter Fehler: ('Bluetooth radio is not powered on. Turn on Bluetooth and try again.', <BleakBluetoothNotAvailableReason.POWERED_OFF: 3>)
2026-09-30 15:24:22,721 - INFO - SensorApp - Bereit. Starte automatische Bluetooth-Verbindung...
Tipp: Halte 'x' oder 'y' beim Scrollen für gezielten Zoom!
2026-09-30 15:24:23,238 - INFO - SensorApp.Bluetooth - Automatischer Verbindungsmodus gestartet.
2026-09-30 15:24:23,267 - ERROR - SensorApp.Bluetooth - Bluetooth-Adapter Fehler: ('Bluetooth radio is not powered on. Turn on Bluetooth and try again.', <BleakBluetoothNotAvailableReason.POWERED_OFF: 3>)
2026-09-30 15:24:28,279 - ERROR - SensorApp.Bluetooth - Bluetooth-Adapter Fehler: ('Bluetooth radio is not powered on. Turn on Bluetooth and try again.', <BleakBluetoothNotAvailableReason.POWERED_OFF: 3>)
2026-09-30 15:24:32,198 - INFO - SensorApp - Lade Daten: messung_20260929_163246_d254s.csv
2026-09-30 15:24:33,307 - ERROR - SensorApp.Bluetooth - Bluetooth-Adapter Fehler: ('Bluetooth radio is not powered on. Turn on Bluetooth and try again.', <BleakBluetoothNotAvailableReason.POWERED_OFF: 3>)
2026-09-30 15:24:38,325 - ERROR - SensorApp.Bluetooth - Bluetooth-Adapter Fehler: ('Bluetooth radio is not powered on. Turn on Bluetooth and try again.', <BleakBluetoothNotAvailableReason.POWERED_OFF: 3>)
2026-09-30 15:24:43,340 - ERROR - SensorApp.Bluetooth - Bluetooth-Adapter Fehler: ('Bluetooth radio is not powered on. Turn on Bluetooth and try again.', <BleakBluetoothNotAvailableReason.POWERED_OFF: 3>)
2026-09-30 15:24:48,350 - ERROR - SensorApp.Bluetooth - Bluetooth-Adapter Fehler: ('Bluetooth radio is not powered on. Turn on Bluetooth and try again.', <BleakBluetoothNotAvailableReason.POWERED_OFF: 3>)
2026-09-30 15:24:53,365 - ERROR - SensorApp.Bluetooth - Bluetooth-Adapter Fehler: ('Bluetooth radio is not powered on. Turn on Bluetooth and try again.', <BleakBluetoothNotAvailableReason.POWERED_OFF: 3>)
2026-09-30 15:24:58,367 - ERROR - SensorApp.Bluetooth - Bluetooth-Adapter Fehler: ('Bluetooth radio is not powered on. Turn on Bluetooth and try again.', <BleakBluetoothNotAvailableReason.POWERED_OFF: 3>)
2026-09-30 15:25:03,390 - ERROR - SensorApp.Bluetooth - Bluetooth-Adapter Fehler: ('Bluetooth radio is not powered on. Turn on Bluetooth and try again.', <BleakBluetoothNotAvailableReason.POWERED_OFF: 3>)
2026-09-30 15:25:08,402 - ERROR - SensorApp.Bluetooth - Bluetooth-Adapter Fehler: ('Bluetooth radio is not powered on. Turn on Bluetooth and try again.', <BleakBluetoothNotAvailableReason.POWERED_OFF: 3>)
2026-09-30 15:25:13,415 - ERROR - SensorApp.Bluetooth - Bluetooth-Adapter Fehler: ('Bluetooth radio is not powered on. Turn on Bluetooth and try again.', <BleakBluetoothNotAvailableReason.POWERED_OFF: 3>)
2026-09-30 15:25:18,427 - ERROR - SensorApp.Bluetooth - Bluetooth-Adapter Fehler: ('Bluetooth radio is not powered on. Turn on Bluetooth and try again.', <BleakBluetoothNotAvailableReason.POWERED_OFF: 3>)
2026-09-30 15:25:23,431 - ERROR - SensorApp.Bluetooth - Bluetooth-Adapter Fehler: ('Bluetooth radio is not powered on. Turn on Bluetooth and try again.', <BleakBluetoothNotAvailableReason.POWERED_OFF: 3>)
2026-09-30 15:25:28,449 - ERROR - SensorApp.Bluetooth - Bluetooth-Adapter Fehler: ('Bluetooth radio is not powered on. Turn on Bluetooth and try again.', <BleakBluetoothNotAvailableReason.POWERED_OFF: 3>)
2026-09-30 15:25:33,449 - ERROR - SensorApp.Bluetooth - Bluetooth-Adapter Fehler: ('Bluetooth radio is not powered on. Turn on Bluetooth and try again.', <BleakBluetoothNotAvailableReason.POWERED_OFF: 3>)
2026-09-30 15:25:38,465 - ERROR - SensorApp.Bluetooth - Bluetooth-Adapter Fehler: ('Bluetooth radio is not powered on. Turn on Bluetooth and try again.', <BleakBluetoothNotAvailableReason.POWERED_OFF: 3>)
2026-09-30 15:25:43,483 - ERROR - SensorApp.Bluetooth - Bluetooth-Adapter Fehler: ('Bluetooth radio is not powered on. Turn on Bluetooth and try again.', <BleakBluetoothNotAvailableReason.POWERED_OFF: 3>)
2026-09-30 15:25:48,502 - ERROR - SensorApp.Bluetooth - Bluetooth-Adapter Fehler: ('Bluetooth radio is not powered on. Turn on Bluetooth and try again.', <BleakBluetoothNotAvailableReason.POWERED_OFF: 3>)
2026-09-30 15:25:53,520 - ERROR - SensorApp.Bluetooth - Bluetooth-Adapter Fehler: ('Bluetooth radio is not powered on. Turn on Bluetooth and try again.', <BleakBluetoothNotAvailableReason.POWERED_OFF: 3>)
2026-09-30 15:25:58,536 - ERROR - SensorApp.Bluetooth - Bluetooth-Adapter Fehler: ('Bluetooth radio is not powered on. Turn on Bluetooth and try again.', <BleakBluetoothNotAvailableReason.POWERED_OFF: 3>)
2026-09-30 15:26:03,557 - ERROR - SensorApp.Bluetooth - Bluetooth-Adapter Fehler: ('Bluetooth radio is not powered on. Turn on Bluetooth and try again.', <BleakBluetoothNotAvailableReason.POWERED_OFF: 3>)
2026-09-30 15:26:08,568 - ERROR - SensorApp.Bluetooth - Bluetooth-Adapter Fehler: ('Bluetooth radio is not powered on. Turn on Bluetooth and try again.', <BleakBluetoothNotAvailableReason.POWERED_OFF: 3>)
2026-09-30 15:26:13,583 - ERROR - SensorApp.Bluetooth - Bluetooth-Adapter Fehler: ('Bluetooth radio is not powered on. Turn on Bluetooth and try again.', <BleakBluetoothNotAvailableReason.POWERED_OFF: 3>)
2026-09-30 15:26:18,605 - ERROR - SensorApp.Bluetooth - Bluetooth-Adapter Fehler: ('Bluetooth radio is not powered on. Turn on Bluetooth and try again.', <BleakBluetoothNotAvailableReason.POWERED_OFF: 3>)
2026-09-30 15:26:23,618 - ERROR - SensorApp.Bluetooth - Bluetooth-Adapter Fehler: ('Bluetooth radio is not powered on. Turn on Bluetooth and try again.', <BleakBluetoothNotAvailableReason.POWERED_OFF: 3>)
2026-09-30 15:26:28,622 - ERROR - SensorApp.Bluetooth - Bluetooth-Adapter Fehler: ('Bluetooth radio is not powered on. Turn on Bluetooth and try again.', <BleakBluetoothNotAvailableReason.POWERED_OFF: 3>)
2026-09-30 15:26:33,635 - ERROR - SensorApp.Bluetooth - Bluetooth-Adapter Fehler: ('Bluetooth radio is not powered on. Turn on Bluetooth and try again.', <BleakBluetoothNotAvailableReason.POWERED_OFF: 3>)
2026-09-30 15:26:38,650 - ERROR - SensorApp.Bluetooth - Bluetooth-Adapter Fehler: ('Bluetooth radio is not powered on. Turn on Bluetooth and try again.', <BleakBluetoothNotAvailableReason.POWERED_OFF: 3>)
2026-09-30 15:26:43,657 - ERROR - SensorApp.Bluetooth - Bluetooth-Adapter Fehler: ('Bluetooth radio is not powered on. Turn on Bluetooth and try again.', <BleakBluetoothNotAvailableReason.POWERED_OFF: 3>)
2026-09-30 15:26:48,672 - ERROR - SensorApp.Bluetooth - Bluetooth-Adapter Fehler: ('Bluetooth radio is not powered on. Turn on Bluetooth and try again.', <BleakBluetoothNotAvailableReason.POWERED_OFF: 3>)
2026-09-30 15:26:53,680 - ERROR - SensorApp.Bluetooth - Bluetooth-Adapter Fehler: ('Bluetooth radio is not powered on. Turn on Bluetooth and try again.', <BleakBluetoothNotAvailableReason.POWERED_OFF: 3>)
2026-09-30 15:26:58,701 - ERROR - SensorApp.Bluetooth - Bluetooth-Adapter Fehler: ('Bluetooth radio is not powered on. Turn on Bluetooth and try again.', <BleakBluetoothNotAvailableReason.POWERED_OFF: 3>)
2026-09-30 15:27:03,709 - ERROR - SensorApp.Bluetooth - Bluetooth-Adapter Fehler: ('Bluetooth radio is not powered on. Turn on Bluetooth and try again.', <BleakBluetoothNotAvailableReason.POWERED_OFF: 3>)
2026-09-30 15:27:08,714 - ERROR - SensorApp.Bluetooth - Bluetooth-Adapter Fehler: ('Bluetooth radio is not powered on. Turn on Bluetooth and try again.', <BleakBluetoothNotAvailableReason.POWERED_OFF: 3>)
2026-09-30 15:27:13,734 - ERROR - SensorApp.Bluetooth - Bluetooth-Adapter Fehler: ('Bluetooth radio is not powered on. Turn on Bluetooth and try again.', <BleakBluetoothNotAvailableReason.POWERED_OFF: 3>)
2026-09-30 15:27:18,750 - ERROR - SensorApp.Bluetooth - Bluetooth-Adapter Fehler: ('Bluetooth radio is not powered on. Turn on Bluetooth and try again.', <BleakBluetoothNotAvailableReason.POWERED_OFF: 3>)
2026-09-30 15:27:23,764 - ERROR - SensorApp.Bluetooth - Bluetooth-Adapter Fehler: ('Bluetooth radio is not powered on. Turn on Bluetooth and try again.', <BleakBluetoothNotAvailableReason.POWERED_OFF: 3>)
2026-09-30 15:27:28,781 - ERROR - SensorApp.Bluetooth - Bluetooth-Adapter Fehler: ('Bluetooth radio is not powered on. Turn on Bluetooth and try again.', <BleakBluetoothNotAvailableReason.POWERED_OFF: 3>)
2026-09-30 15:27:33,800 - ERROR - SensorApp.Bluetooth - Bluetooth-Adapter Fehler: ('Bluetooth radio is not powered on. Turn on Bluetooth and try again.', <BleakBluetoothNotAvailableReason.POWERED_OFF: 3>)
2026-09-30 15:27:38,816 - ERROR - SensorApp.Bluetooth - Bluetooth-Adapter Fehler: ('Bluetooth radio is not powered on. Turn on Bluetooth and try again.', <BleakBluetoothNotAvailableReason.POWERED_OFF: 3>)
2026-09-30 15:27:43,834 - ERROR - SensorApp.Bluetooth - Bluetooth-Adapter Fehler: ('Bluetooth radio is not powered on. Turn on Bluetooth and try again.', <BleakBluetoothNotAvailableReason.POWERED_OFF: 3>)
2026-09-30 15:27:48,855 - ERROR - SensorApp.Bluetooth - Bluetooth-Adapter Fehler: ('Bluetooth radio is not powered on. Turn on Bluetooth and try again.', <BleakBluetoothNotAvailableReason.POWERED_OFF: 3>)
2026-09-30 15:27:53,864 - ERROR - SensorApp.Bluetooth - Bluetooth-Adapter Fehler: ('Bluetooth radio is not powered on. Turn on Bluetooth and try again.', <BleakBluetoothNotAvailableReason.POWERED_OFF: 3>)
2026-09-30 15:27:58,273 - INFO - SensorApp - Bereit. Starte automatische Bluetooth-Verbindung...
Tipp: Halte 'x' oder 'y' beim Scrollen für gezielten Zoom!
2026-09-30 15:27:58,778 - INFO - SensorApp.Bluetooth - Automatischer Verbindungsmodus gestartet.
2026-09-30 15:27:58,808 - ERROR - SensorApp.Bluetooth - Bluetooth-Adapter Fehler: ('Bluetooth radio is not powered on. Turn on Bluetooth and try again.', <BleakBluetoothNotAvailableReason.POWERED_OFF: 3>)
2026-09-30 15:28:03,820 - ERROR - SensorApp.Bluetooth - Bluetooth-Adapter Fehler: ('Bluetooth radio is not powered on. Turn on Bluetooth and try again.', <BleakBluetoothNotAvailableReason.POWERED_OFF: 3>)
2026-09-30 15:28:04,950 - INFO - SensorApp - Lade Daten: messung_20260929_163246_d254s.csv
2026-09-30 15:28:08,830 - ERROR - SensorApp.Bluetooth - Bluetooth-Adapter Fehler: ('Bluetooth radio is not powered on. Turn on Bluetooth and try again.', <BleakBluetoothNotAvailableReason.POWERED_OFF: 3>)
2026-09-30 15:28:13,835 - ERROR - SensorApp.Bluetooth - Bluetooth-Adapter Fehler: ('Bluetooth radio is not powered on. Turn on Bluetooth and try again.', <BleakBluetoothNotAvailableReason.POWERED_OFF: 3>)
2026-09-30 15:28:19,116 - INFO - SensorApp - Bereit. Starte automatische Bluetooth-Verbindung...
Tipp: Halte 'x' oder 'y' beim Scrollen für gezielten Zoom!
2026-09-30 15:28:19,630 - INFO - SensorApp.Bluetooth - Automatischer Verbindungsmodus gestartet.
2026-09-30 15:28:19,650 - ERROR - SensorApp.Bluetooth - Bluetooth-Adapter Fehler: ('Bluetooth radio is not powered on. Turn on Bluetooth and try again.', <BleakBluetoothNotAvailableReason.POWERED_OFF: 3>)
2026-09-30 15:28:23,827 - INFO - SensorApp - Lade Daten: messung_20260929_163246_d254s.csv
2026-09-30 15:28:24,671 - ERROR - SensorApp.Bluetooth - Bluetooth-Adapter Fehler: ('Bluetooth radio is not powered on. Turn on Bluetooth and try again.', <BleakBluetoothNotAvailableReason.POWERED_OFF: 3>)
2026-09-30 15:28:29,680 - ERROR - SensorApp.Bluetooth - Bluetooth-Adapter Fehler: ('Bluetooth radio is not powered on. Turn on Bluetooth and try again.', <BleakBluetoothNotAvailableReason.POWERED_OFF: 3>)
2026-09-30 15:28:34,695 - ERROR - SensorApp.Bluetooth - Bluetooth-Adapter Fehler: ('Bluetooth radio is not powered on. Turn on Bluetooth and try again.', <BleakBluetoothNotAvailableReason.POWERED_OFF: 3>)
2026-09-30 15:28:39,695 - ERROR - SensorApp.Bluetooth - Bluetooth-Adapter Fehler: ('Bluetooth radio is not powered on. Turn on Bluetooth and try again.', <BleakBluetoothNotAvailableReason.POWERED_OFF: 3>)
2026-09-30 15:28:44,696 - ERROR - SensorApp.Bluetooth - Bluetooth-Adapter Fehler: ('Bluetooth radio is not powered on. Turn on Bluetooth and try again.', <BleakBluetoothNotAvailableReason.POWERED_OFF: 3>)
2026-09-30 15:28:45,720 - INFO - SensorApp - Lade Daten: messung_20260929_162538_d254s.csv
2026-09-30 15:28:49,697 - ERROR - SensorApp.Bluetooth - Bluetooth-Adapter Fehler: ('Bluetooth radio is not powered on. Turn on Bluetooth and try again.', <BleakBluetoothNotAvailableReason.POWERED_OFF: 3>)
2026-09-30 15:28:54,713 - ERROR - SensorApp.Bluetooth - Bluetooth-Adapter Fehler: ('Bluetooth radio is not powered on. Turn on Bluetooth and try again.', <BleakBluetoothNotAvailableReason.POWERED_OFF: 3>)
2026-09-30 15:28:59,750 - ERROR - SensorApp.Bluetooth - Bluetooth-Adapter Fehler: ('Bluetooth radio is not powered on. Turn on Bluetooth and try again.', <BleakBluetoothNotAvailableReason.POWERED_OFF: 3>)
2026-09-30 15:29:04,765 - ERROR - SensorApp.Bluetooth - Bluetooth-Adapter Fehler: ('Bluetooth radio is not powered on. Turn on Bluetooth and try again.', <BleakBluetoothNotAvailableReason.POWERED_OFF: 3>)
2026-09-30 15:29:09,791 - ERROR - SensorApp.Bluetooth - Bluetooth-Adapter Fehler: ('Bluetooth radio is not powered on. Turn on Bluetooth and try again.', <BleakBluetoothNotAvailableReason.POWERED_OFF: 3>)
2026-09-30 15:29:14,799 - ERROR - SensorApp.Bluetooth - Bluetooth-Adapter Fehler: ('Bluetooth radio is not powered on. Turn on Bluetooth and try again.', <BleakBluetoothNotAvailableReason.POWERED_OFF: 3>)
2026-09-30 15:29:19,810 - ERROR - SensorApp.Bluetooth - Bluetooth-Adapter Fehler: ('Bluetooth radio is not powered on. Turn on Bluetooth and try again.', <BleakBluetoothNotAvailableReason.POWERED_OFF: 3>)
2026-09-30 15:29:24,828 - ERROR - SensorApp.Bluetooth - Bluetooth-Adapter Fehler: ('Bluetooth radio is not powered on. Turn on Bluetooth and try again.', <BleakBluetoothNotAvailableReason.POWERED_OFF: 3>)
2026-09-30 15:29:29,844 - ERROR - SensorApp.Bluetooth - Bluetooth-Adapter Fehler: ('Bluetooth radio is not powered on. Turn on Bluetooth and try again.', <BleakBluetoothNotAvailableReason.POWERED_OFF: 3>)
2026-09-30 15:29:34,870 - ERROR - SensorApp.Bluetooth - Bluetooth-Adapter Fehler: ('Bluetooth radio is not powered on. Turn on Bluetooth and try again.', <BleakBluetoothNotAvailableReason.POWERED_OFF: 3>)
2026-09-30 15:29:39,883 - ERROR - SensorApp.Bluetooth - Bluetooth-Adapter Fehler: ('Bluetooth radio is not powered on. Turn on Bluetooth and try again.', <BleakBluetoothNotAvailableReason.POWERED_OFF: 3>)
2026-09-30 15:29:44,896 - ERROR - SensorApp.Bluetooth - Bluetooth-Adapter Fehler: ('Bluetooth radio is not powered on. Turn on Bluetooth and try again.', <BleakBluetoothNotAvailableReason.POWERED_OFF: 3>)
2026-09-30 15:29:49,914 - ERROR - SensorApp.Bluetooth - Bluetooth-Adapter Fehler: ('Bluetooth radio is not powered on. Turn on Bluetooth and try again.', <BleakBluetoothNotAvailableReason.POWERED_OFF: 3>)
2026-09-30 15:29:54,930 - ERROR - SensorApp.Bluetooth - Bluetooth-Adapter Fehler: ('Bluetooth radio is not powered on. Turn on Bluetooth and try again.', <BleakBluetoothNotAvailableReason.POWERED_OFF: 3>)
2026-09-30 15:29:59,951 - ERROR - SensorApp.Bluetooth - Bluetooth-Adapter Fehler: ('Bluetooth radio is not powered on. Turn on Bluetooth and try again.', <BleakBluetoothNotAvailableReason.POWERED_OFF: 3>)
2026-09-30 15:30:04,970 - ERROR - SensorApp.Bluetooth - Bluetooth-Adapter Fehler: ('Bluetooth radio is not powered on. Turn on Bluetooth and try again.', <BleakBluetoothNotAvailableReason.POWERED_OFF: 3>)
2026-09-30 15:30:09,979 - ERROR - SensorApp.Bluetooth - Bluetooth-Adapter Fehler: ('Bluetooth radio is not powered on. Turn on Bluetooth and try again.', <BleakBluetoothNotAvailableReason.POWERED_OFF: 3>)
2026-09-30 15:30:15,002 - ERROR - SensorApp.Bluetooth - Bluetooth-Adapter Fehler: ('Bluetooth radio is not powered on. Turn on Bluetooth and try again.', <BleakBluetoothNotAvailableReason.POWERED_OFF: 3>)
2026-09-30 15:30:20,013 - ERROR - SensorApp.Bluetooth - Bluetooth-Adapter Fehler: ('Bluetooth radio is not powered on. Turn on Bluetooth and try again.', <BleakBluetoothNotAvailableReason.POWERED_OFF: 3>)
2026-09-30 15:30:25,035 - ERROR - SensorApp.Bluetooth - Bluetooth-Adapter Fehler: ('Bluetooth radio is not powered on. Turn on Bluetooth and try again.', <BleakBluetoothNotAvailableReason.POWERED_OFF: 3>)
2026-09-30 15:30:30,045 - ERROR - SensorApp.Bluetooth - Bluetooth-Adapter Fehler: ('Bluetooth radio is not powered on. Turn on Bluetooth and try again.', <BleakBluetoothNotAvailableReason.POWERED_OFF: 3>)
2026-09-30 15:30:35,052 - ERROR - SensorApp.Bluetooth - Bluetooth-Adapter Fehler: ('Bluetooth radio is not powered on. Turn on Bluetooth and try again.', <BleakBluetoothNotAvailableReason.POWERED_OFF: 3>)
2026-09-30 15:30:40,059 - ERROR - SensorApp.Bluetooth - Bluetooth-Adapter Fehler: ('Bluetooth radio is not powered on. Turn on Bluetooth and try again.', <BleakBluetoothNotAvailableReason.POWERED_OFF: 3>)
2026-09-30 15:30:45,060 - ERROR - SensorApp.Bluetooth - Bluetooth-Adapter Fehler: ('Bluetooth radio is not powered on. Turn on Bluetooth and try again.', <BleakBluetoothNotAvailableReason.POWERED_OFF: 3>)
2026-09-30 15:30:50,075 - ERROR - SensorApp.Bluetooth - Bluetooth-Adapter Fehler: ('Bluetooth radio is not powered on. Turn on Bluetooth and try again.', <BleakBluetoothNotAvailableReason.POWERED_OFF: 3>)
2026-09-30 15:30:55,095 - ERROR - SensorApp.Bluetooth - Bluetooth-Adapter Fehler: ('Bluetooth radio is not powered on. Turn on Bluetooth and try again.', <BleakBluetoothNotAvailableReason.POWERED_OFF: 3>)
2026-09-30 15:31:00,114 - ERROR - SensorApp.Bluetooth - Bluetooth-Adapter Fehler: ('Bluetooth radio is not powered on. Turn on Bluetooth and try again.', <BleakBluetoothNotAvailableReason.POWERED_OFF: 3>)
2026-09-30 15:31:05,131 - ERROR - SensorApp.Bluetooth - Bluetooth-Adapter Fehler: ('Bluetooth radio is not powered on. Turn on Bluetooth and try again.', <BleakBluetoothNotAvailableReason.POWERED_OFF: 3>)
2026-09-30 15:31:10,146 - ERROR - SensorApp.Bluetooth - Bluetooth-Adapter Fehler: ('Bluetooth radio is not powered on. Turn on Bluetooth and try again.', <BleakBluetoothNotAvailableReason.POWERED_OFF: 3>)
2026-09-30 15:31:15,153 - ERROR - SensorApp.Bluetooth - Bluetooth-Adapter Fehler: ('Bluetooth radio is not powered on. Turn on Bluetooth and try again.', <BleakBluetoothNotAvailableReason.POWERED_OFF: 3>)
2026-09-30 15:31:20,168 - ERROR - SensorApp.Bluetooth - Bluetooth-Adapter Fehler: ('Bluetooth radio is not powered on. Turn on Bluetooth and try again.', <BleakBluetoothNotAvailableReason.POWERED_OFF: 3>)
2026-09-30 15:31:25,175 - ERROR - SensorApp.Bluetooth - Bluetooth-Adapter Fehler: ('Bluetooth radio is not powered on. Turn on Bluetooth and try again.', <BleakBluetoothNotAvailableReason.POWERED_OFF: 3>)
2026-09-30 15:31:30,178 - ERROR - SensorApp.Bluetooth - Bluetooth-Adapter Fehler: ('Bluetooth radio is not powered on. Turn on Bluetooth and try again.', <BleakBluetoothNotAvailableReason.POWERED_OFF: 3>)
2026-09-30 15:31:35,194 - ERROR - SensorApp.Bluetooth - Bluetooth-Adapter Fehler: ('Bluetooth radio is not powered on. Turn on Bluetooth and try again.', <BleakBluetoothNotAvailableReason.POWERED_OFF: 3>)
2026-09-30 15:31:40,195 - ERROR - SensorApp.Bluetooth - Bluetooth-Adapter Fehler: ('Bluetooth radio is not powered on. Turn on Bluetooth and try again.', <BleakBluetoothNotAvailableReason.POWERED_OFF: 3>)
2026-09-30 15:31:45,235 - ERROR - SensorApp.Bluetooth - Bluetooth-Adapter Fehler: ('Bluetooth radio is not powered on. Turn on Bluetooth and try again.', <BleakBluetoothNotAvailableReason.POWERED_OFF: 3>)
2026-09-30 15:31:50,242 - ERROR - SensorApp.Bluetooth - Bluetooth-Adapter Fehler: ('Bluetooth radio is not powered on. Turn on Bluetooth and try again.', <BleakBluetoothNotAvailableReason.POWERED_OFF: 3>)
2026-09-30 15:31:55,263 - ERROR - SensorApp.Bluetooth - Bluetooth-Adapter Fehler: ('Bluetooth radio is not powered on. Turn on Bluetooth and try again.', <BleakBluetoothNotAvailableReason.POWERED_OFF: 3>)
2026-09-30 15:32:00,278 - ERROR - SensorApp.Bluetooth - Bluetooth-Adapter Fehler: ('Bluetooth radio is not powered on. Turn on Bluetooth and try again.', <BleakBluetoothNotAvailableReason.POWERED_OFF: 3>)
2026-09-30 15:32:05,278 - ERROR - SensorApp.Bluetooth - Bluetooth-Adapter Fehler: ('Bluetooth radio is not powered on. Turn on Bluetooth and try again.', <BleakBluetoothNotAvailableReason.POWERED_OFF: 3>)
2026-09-30 15:32:10,292 - ERROR - SensorApp.Bluetooth - Bluetooth-Adapter Fehler: ('Bluetooth radio is not powered on. Turn on Bluetooth and try again.', <BleakBluetoothNotAvailableReason.POWERED_OFF: 3>)
2026-09-30 15:32:15,294 - ERROR - SensorApp.Bluetooth - Bluetooth-Adapter Fehler: ('Bluetooth radio is not powered on. Turn on Bluetooth and try again.', <BleakBluetoothNotAvailableReason.POWERED_OFF: 3>)
2026-09-30 15:32:20,294 - ERROR - SensorApp.Bluetooth - Bluetooth-Adapter Fehler: ('Bluetooth radio is not powered on. Turn on Bluetooth and try again.', <BleakBluetoothNotAvailableReason.POWERED_OFF: 3>)
2026-09-30 15:32:25,312 - ERROR - SensorApp.Bluetooth - Bluetooth-Adapter Fehler: ('Bluetooth radio is not powered on. Turn on Bluetooth and try again.', <BleakBluetoothNotAvailableReason.POWERED_OFF: 3>)
2026-09-30 15:32:30,325 - ERROR - SensorApp.Bluetooth - Bluetooth-Adapter Fehler: ('Bluetooth radio is not powered on. Turn on Bluetooth and try again.', <BleakBluetoothNotAvailableReason.POWERED_OFF: 3>)
2026-09-30 15:32:35,326 - ERROR - SensorApp.Bluetooth - Bluetooth-Adapter Fehler: ('Bluetooth radio is not powered on. Turn on Bluetooth and try again.', <BleakBluetoothNotAvailableReason.POWERED_OFF: 3>)
2026-09-30 15:32:40,345 - ERROR - SensorApp.Bluetooth - Bluetooth-Adapter Fehler: ('Bluetooth radio is not powered on. Turn on Bluetooth and try again.', <BleakBluetoothNotAvailableReason.POWERED_OFF: 3>)
2026-09-30 15:32:45,357 - ERROR - SensorApp.Bluetooth - Bluetooth-Adapter Fehler: ('Bluetooth radio is not powered on. Turn on Bluetooth and try again.', <BleakBluetoothNotAvailableReason.POWERED_OFF: 3>)
2026-09-30 15:32:50,373 - ERROR - SensorApp.Bluetooth - Bluetooth-Adapter Fehler: ('Bluetooth radio is not powered on. Turn on Bluetooth and try again.', <BleakBluetoothNotAvailableReason.POWERED_OFF: 3>)
2026-09-30 15:32:55,376 - ERROR - SensorApp.Bluetooth - Bluetooth-Adapter Fehler: ('Bluetooth radio is not powered on. Turn on Bluetooth and try again.', <BleakBluetoothNotAvailableReason.POWERED_OFF: 3>)
2026-09-30 15:33:00,389 - ERROR - SensorApp.Bluetooth - Bluetooth-Adapter Fehler: ('Bluetooth radio is not powered on. Turn on Bluetooth and try again.', <BleakBluetoothNotAvailableReason.POWERED_OFF: 3>)
2026-09-30 15:33:05,392 - ERROR - SensorApp.Bluetooth - Bluetooth-Adapter Fehler: ('Bluetooth radio is not powered on. Turn on Bluetooth and try again.', <BleakBluetoothNotAvailableReason.POWERED_OFF: 3>)
2026-09-30 15:33:10,409 - ERROR - SensorApp.Bluetooth - Bluetooth-Adapter Fehler: ('Bluetooth radio is not powered on. Turn on Bluetooth and try again.', <BleakBluetoothNotAvailableReason.POWERED_OFF: 3>)
2026-09-30 15:33:18,905 - INFO - SensorApp - Bereit. Starte automatische Bluetooth-Verbindung...
Tipp: Halte 'x' oder 'y' beim Scrollen für gezielten Zoom!
2026-09-30 15:33:19,411 - INFO - SensorApp.Bluetooth - Automatischer Verbindungsmodus gestartet.
2026-09-30 15:33:19,600 - ERROR - SensorApp.Bluetooth - Bluetooth-Adapter Fehler: ('Bluetooth radio is not powered on. Turn on Bluetooth and try again.', <BleakBluetoothNotAvailableReason.POWERED_OFF: 3>)
2026-09-30 15:33:24,631 - ERROR - SensorApp.Bluetooth - Bluetooth-Adapter Fehler: ('Bluetooth radio is not powered on. Turn on Bluetooth and try again.', <BleakBluetoothNotAvailableReason.POWERED_OFF: 3>)
2026-09-30 15:33:28,223 - INFO - SensorApp - Lade Daten: messung_20260929_163246_d254s.csv
2026-09-30 15:33:29,640 - ERROR - SensorApp.Bluetooth - Bluetooth-Adapter Fehler: ('Bluetooth radio is not powered on. Turn on Bluetooth and try again.', <BleakBluetoothNotAvailableReason.POWERED_OFF: 3>)
2026-09-30 15:33:34,653 - ERROR - SensorApp.Bluetooth - Bluetooth-Adapter Fehler: ('Bluetooth radio is not powered on. Turn on Bluetooth and try again.', <BleakBluetoothNotAvailableReason.POWERED_OFF: 3>)
2026-09-30 15:33:39,674 - ERROR - SensorApp.Bluetooth - Bluetooth-Adapter Fehler: ('Bluetooth radio is not powered on. Turn on Bluetooth and try again.', <BleakBluetoothNotAvailableReason.POWERED_OFF: 3>)
2026-09-30 15:33:44,685 - ERROR - SensorApp.Bluetooth - Bluetooth-Adapter Fehler: ('Bluetooth radio is not powered on. Turn on Bluetooth and try again.', <BleakBluetoothNotAvailableReason.POWERED_OFF: 3>)
2026-09-30 15:33:47,193 - INFO - SensorApp - Graph gespeichert: C:/Users/K1019948/Downloads/test.png
2026-09-30 15:33:49,695 - ERROR - SensorApp.Bluetooth - Bluetooth-Adapter Fehler: ('Bluetooth radio is not powered on. Turn on Bluetooth and try again.', <BleakBluetoothNotAvailableReason.POWERED_OFF: 3>)
2026-09-30 15:33:54,719 - ERROR - SensorApp.Bluetooth - Bluetooth-Adapter Fehler: ('Bluetooth radio is not powered on. Turn on Bluetooth and try again.', <BleakBluetoothNotAvailableReason.POWERED_OFF: 3>)
2026-09-30 15:33:59,734 - ERROR - SensorApp.Bluetooth - Bluetooth-Adapter Fehler: ('Bluetooth radio is not powered on. Turn on Bluetooth and try again.', <BleakBluetoothNotAvailableReason.POWERED_OFF: 3>)
2026-09-30 15:34:04,739 - ERROR - SensorApp.Bluetooth - Bluetooth-Adapter Fehler: ('Bluetooth radio is not powered on. Turn on Bluetooth and try again.', <BleakBluetoothNotAvailableReason.POWERED_OFF: 3>)
2026-09-30 15:34:08,216 - INFO - SensorApp - Graph gespeichert: C:/Users/K1019948/Downloads/test2.png
2026-09-30 15:34:09,764 - ERROR - SensorApp.Bluetooth - Bluetooth-Adapter Fehler: ('Bluetooth radio is not powered on. Turn on Bluetooth and try again.', <BleakBluetoothNotAvailableReason.POWERED_OFF: 3>)
2026-09-30 15:34:14,767 - ERROR - SensorApp.Bluetooth - Bluetooth-Adapter Fehler: ('Bluetooth radio is not powered on. Turn on Bluetooth and try again.', <BleakBluetoothNotAvailableReason.POWERED_OFF: 3>)
2026-09-30 15:34:19,777 - ERROR - SensorApp.Bluetooth - Bluetooth-Adapter Fehler: ('Bluetooth radio is not powered on. Turn on Bluetooth and try again.', <BleakBluetoothNotAvailableReason.POWERED_OFF: 3>)
2026-09-30 15:34:24,788 - ERROR - SensorApp.Bluetooth - Bluetooth-Adapter Fehler: ('Bluetooth radio is not powered on. Turn on Bluetooth and try again.', <BleakBluetoothNotAvailableReason.POWERED_OFF: 3>)
2026-09-30 15:34:25,616 - INFO - SensorApp - Lade Daten: messung_20260929_162830_d254s.csv
2026-09-30 15:34:29,805 - ERROR - SensorApp.Bluetooth - Bluetooth-Adapter Fehler: ('Bluetooth radio is not powered on. Turn on Bluetooth and try again.', <BleakBluetoothNotAvailableReason.POWERED_OFF: 3>)
2026-09-30 15:34:34,820 - ERROR - SensorApp.Bluetooth - Bluetooth-Adapter Fehler: ('Bluetooth radio is not powered on. Turn on Bluetooth and try again.', <BleakBluetoothNotAvailableReason.POWERED_OFF: 3>)
2026-09-30 15:34:39,835 - ERROR - SensorApp.Bluetooth - Bluetooth-Adapter Fehler: ('Bluetooth radio is not powered on. Turn on Bluetooth and try again.', <BleakBluetoothNotAvailableReason.POWERED_OFF: 3>)
2026-09-30 15:34:44,858 - ERROR - SensorApp.Bluetooth - Bluetooth-Adapter Fehler: ('Bluetooth radio is not powered on. Turn on Bluetooth and try again.', <BleakBluetoothNotAvailableReason.POWERED_OFF: 3>)
2026-09-30 15:34:48,491 - INFO - SensorApp - Graph gespeichert: C:/Users/K1019948/Downloads/test3.png
2026-09-30 15:34:49,889 - ERROR - SensorApp.Bluetooth - Bluetooth-Adapter Fehler: ('Bluetooth radio is not powered on. Turn on Bluetooth and try again.', <BleakBluetoothNotAvailableReason.POWERED_OFF: 3>)
2026-09-30 15:34:54,895 - ERROR - SensorApp.Bluetooth - Bluetooth-Adapter Fehler: ('Bluetooth radio is not powered on. Turn on Bluetooth and try again.', <BleakBluetoothNotAvailableReason.POWERED_OFF: 3>)
2026-09-30 15:34:59,901 - ERROR - SensorApp.Bluetooth - Bluetooth-Adapter Fehler: ('Bluetooth radio is not powered on. Turn on Bluetooth and try again.', <BleakBluetoothNotAvailableReason.POWERED_OFF: 3>)
2026-09-30 15:35:04,914 - ERROR - SensorApp.Bluetooth - Bluetooth-Adapter Fehler: ('Bluetooth radio is not powered on. Turn on Bluetooth and try again.', <BleakBluetoothNotAvailableReason.POWERED_OFF: 3>)
2026-09-30 15:35:09,975 - ERROR - SensorApp.Bluetooth - Bluetooth-Adapter Fehler: ('Bluetooth radio is not powered on. Turn on Bluetooth and try again.', <BleakBluetoothNotAvailableReason.POWERED_OFF: 3>)
2026-09-30 15:35:14,996 - ERROR - SensorApp.Bluetooth - Bluetooth-Adapter Fehler: ('Bluetooth radio is not powered on. Turn on Bluetooth and try again.', <BleakBluetoothNotAvailableReason.POWERED_OFF: 3>)
2026-09-30 15:35:20,000 - ERROR - SensorApp.Bluetooth - Bluetooth-Adapter Fehler: ('Bluetooth radio is not powered on. Turn on Bluetooth and try again.', <BleakBluetoothNotAvailableReason.POWERED_OFF: 3>)
2026-09-30 15:35:25,012 - ERROR - SensorApp.Bluetooth - Bluetooth-Adapter Fehler: ('Bluetooth radio is not powered on. Turn on Bluetooth and try again.', <BleakBluetoothNotAvailableReason.POWERED_OFF: 3>)
2026-09-30 15:35:30,021 - ERROR - SensorApp.Bluetooth - Bluetooth-Adapter Fehler: ('Bluetooth radio is not powered on. Turn on Bluetooth and try again.', <BleakBluetoothNotAvailableReason.POWERED_OFF: 3>)
2026-09-30 15:35:35,022 - ERROR - SensorApp.Bluetooth - Bluetooth-Adapter Fehler: ('Bluetooth radio is not powered on. Turn on Bluetooth and try again.', <BleakBluetoothNotAvailableReason.POWERED_OFF: 3>)
2026-09-30 15:35:40,026 - ERROR - SensorApp.Bluetooth - Bluetooth-Adapter Fehler: ('Bluetooth radio is not powered on. Turn on Bluetooth and try again.', <BleakBluetoothNotAvailableReason.POWERED_OFF: 3>)
2026-09-30 15:35:45,037 - ERROR - SensorApp.Bluetooth - Bluetooth-Adapter Fehler: ('Bluetooth radio is not powered on. Turn on Bluetooth and try again.', <BleakBluetoothNotAvailableReason.POWERED_OFF: 3>)
2026-09-30 15:35:50,045 - ERROR - SensorApp.Bluetooth - Bluetooth-Adapter Fehler: ('Bluetooth radio is not powered on. Turn on Bluetooth and try again.', <BleakBluetoothNotAvailableReason.POWERED_OFF: 3>)
2026-09-30 15:35:55,054 - ERROR - SensorApp.Bluetooth - Bluetooth-Adapter Fehler: ('Bluetooth radio is not powered on. Turn on Bluetooth and try again.', <BleakBluetoothNotAvailableReason.POWERED_OFF: 3>)
2026-09-30 15:36:00,069 - ERROR - SensorApp.Bluetooth - Bluetooth-Adapter Fehler: ('Bluetooth radio is not powered on. Turn on Bluetooth and try again.', <BleakBluetoothNotAvailableReason.POWERED_OFF: 3>)
2026-09-30 15:36:05,076 - ERROR - SensorApp.Bluetooth - Bluetooth-Adapter Fehler: ('Bluetooth radio is not powered on. Turn on Bluetooth and try again.', <BleakBluetoothNotAvailableReason.POWERED_OFF: 3>)
2026-09-30 15:36:10,086 - ERROR - SensorApp.Bluetooth - Bluetooth-Adapter Fehler: ('Bluetooth radio is not powered on. Turn on Bluetooth and try again.', <BleakBluetoothNotAvailableReason.POWERED_OFF: 3>)
2026-09-30 15:36:15,086 - ERROR - SensorApp.Bluetooth - Bluetooth-Adapter Fehler: ('Bluetooth radio is not powered on. Turn on Bluetooth and try again.', <BleakBluetoothNotAvailableReason.POWERED_OFF: 3>)
2026-09-30 15:36:20,112 - ERROR - SensorApp.Bluetooth - Bluetooth-Adapter Fehler: ('Bluetooth radio is not powered on. Turn on Bluetooth and try again.', <BleakBluetoothNotAvailableReason.POWERED_OFF: 3>)
2026-09-30 15:36:25,118 - ERROR - SensorApp.Bluetooth - Bluetooth-Adapter Fehler: ('Bluetooth radio is not powered on. Turn on Bluetooth and try again.', <BleakBluetoothNotAvailableReason.POWERED_OFF: 3>)
2026-09-30 15:36:30,140 - ERROR - SensorApp.Bluetooth - Bluetooth-Adapter Fehler: ('Bluetooth radio is not powered on. Turn on Bluetooth and try again.', <BleakBluetoothNotAvailableReason.POWERED_OFF: 3>)
2026-09-30 15:36:35,148 - ERROR - SensorApp.Bluetooth - Bluetooth-Adapter Fehler: ('Bluetooth radio is not powered on. Turn on Bluetooth and try again.', <BleakBluetoothNotAvailableReason.POWERED_OFF: 3>)
2026-09-30 15:36:40,155 - ERROR - SensorApp.Bluetooth - Bluetooth-Adapter Fehler: ('Bluetooth radio is not powered on. Turn on Bluetooth and try again.', <BleakBluetoothNotAvailableReason.POWERED_OFF: 3>)
2026-09-30 15:36:45,172 - ERROR - SensorApp.Bluetooth - Bluetooth-Adapter Fehler: ('Bluetooth radio is not powered on. Turn on Bluetooth and try again.', <BleakBluetoothNotAvailableReason.POWERED_OFF: 3>)
2026-09-30 15:36:50,186 - ERROR - SensorApp.Bluetooth - Bluetooth-Adapter Fehler: ('Bluetooth radio is not powered on. Turn on Bluetooth and try again.', <BleakBluetoothNotAvailableReason.POWERED_OFF: 3>)
2026-09-30 15:36:55,187 - ERROR - SensorApp.Bluetooth - Bluetooth-Adapter Fehler: ('Bluetooth radio is not powered on. Turn on Bluetooth and try again.', <BleakBluetoothNotAvailableReason.POWERED_OFF: 3>)
2026-09-30 15:36:56,747 - INFO - SensorApp - Lade Daten: messung_20260929_163110_d254s.csv
2026-09-30 15:37:00,194 - ERROR - SensorApp.Bluetooth - Bluetooth-Adapter Fehler: ('Bluetooth radio is not powered on. Turn on Bluetooth and try again.', <BleakBluetoothNotAvailableReason.POWERED_OFF: 3>)
2026-09-30 15:37:05,205 - ERROR - SensorApp.Bluetooth - Bluetooth-Adapter Fehler: ('Bluetooth radio is not powered on. Turn on Bluetooth and try again.', <BleakBluetoothNotAvailableReason.POWERED_OFF: 3>)
2026-09-30 15:37:10,217 - ERROR - SensorApp.Bluetooth - Bluetooth-Adapter Fehler: ('Bluetooth radio is not powered on. Turn on Bluetooth and try again.', <BleakBluetoothNotAvailableReason.POWERED_OFF: 3>)
2026-09-30 15:37:15,228 - ERROR - SensorApp.Bluetooth - Bluetooth-Adapter Fehler: ('Bluetooth radio is not powered on. Turn on Bluetooth and try again.', <BleakBluetoothNotAvailableReason.POWERED_OFF: 3>)
2026-09-30 15:37:15,983 - INFO - SensorApp - Notizen gespeichert: C:/Users/K1019948/Downloads/Testdwadw.txt
2026-09-30 15:37:20,236 - ERROR - SensorApp.Bluetooth - Bluetooth-Adapter Fehler: ('Bluetooth radio is not powered on. Turn on Bluetooth and try again.', <BleakBluetoothNotAvailableReason.POWERED_OFF: 3>)
2026-09-30 15:37:25,252 - ERROR - SensorApp.Bluetooth - Bluetooth-Adapter Fehler: ('Bluetooth radio is not powered on. Turn on Bluetooth and try again.', <BleakBluetoothNotAvailableReason.POWERED_OFF: 3>)
2026-09-30 15:37:30,271 - ERROR - SensorApp.Bluetooth - Bluetooth-Adapter Fehler: ('Bluetooth radio is not powered on. Turn on Bluetooth and try again.', <BleakBluetoothNotAvailableReason.POWERED_OFF: 3>)
2026-09-30 15:37:35,283 - ERROR - SensorApp.Bluetooth - Bluetooth-Adapter Fehler: ('Bluetooth radio is not powered on. Turn on Bluetooth and try again.', <BleakBluetoothNotAvailableReason.POWERED_OFF: 3>)
2026-09-30 15:37:37,341 - INFO - SensorApp - Lade Daten: messung_20260929_163110_d254s.csv
2026-09-30 15:37:40,302 - ERROR - SensorApp.Bluetooth - Bluetooth-Adapter Fehler: ('Bluetooth radio is not powered on. Turn on Bluetooth and try again.', <BleakBluetoothNotAvailableReason.POWERED_OFF: 3>)
2026-09-30 15:37:45,303 - ERROR - SensorApp.Bluetooth - Bluetooth-Adapter Fehler: ('Bluetooth radio is not powered on. Turn on Bluetooth and try again.', <BleakBluetoothNotAvailableReason.POWERED_OFF: 3>)
2026-09-30 15:37:50,325 - ERROR - SensorApp.Bluetooth - Bluetooth-Adapter Fehler: ('Bluetooth radio is not powered on. Turn on Bluetooth and try again.', <BleakBluetoothNotAvailableReason.POWERED_OFF: 3>)
2026-09-30 15:37:55,341 - ERROR - SensorApp.Bluetooth - Bluetooth-Adapter Fehler: ('Bluetooth radio is not powered on. Turn on Bluetooth and try again.', <BleakBluetoothNotAvailableReason.POWERED_OFF: 3>)
2026-09-30 15:38:00,352 - ERROR - SensorApp.Bluetooth - Bluetooth-Adapter Fehler: ('Bluetooth radio is not powered on. Turn on Bluetooth and try again.', <BleakBluetoothNotAvailableReason.POWERED_OFF: 3>)
2026-09-30 15:38:05,368 - ERROR - SensorApp.Bluetooth - Bluetooth-Adapter Fehler: ('Bluetooth radio is not powered on. Turn on Bluetooth and try again.', <BleakBluetoothNotAvailableReason.POWERED_OFF: 3>)
2026-09-30 15:38:10,389 - ERROR - SensorApp.Bluetooth - Bluetooth-Adapter Fehler: ('Bluetooth radio is not powered on. Turn on Bluetooth and try again.', <BleakBluetoothNotAvailableReason.POWERED_OFF: 3>)
2026-09-30 15:38:15,402 - ERROR - SensorApp.Bluetooth - Bluetooth-Adapter Fehler: ('Bluetooth radio is not powered on. Turn on Bluetooth and try again.', <BleakBluetoothNotAvailableReason.POWERED_OFF: 3>)
2026-09-30 15:38:20,422 - ERROR - SensorApp.Bluetooth - Bluetooth-Adapter Fehler: ('Bluetooth radio is not powered on. Turn on Bluetooth and try again.', <BleakBluetoothNotAvailableReason.POWERED_OFF: 3>)
2026-09-30 15:38:25,437 - ERROR - SensorApp.Bluetooth - Bluetooth-Adapter Fehler: ('Bluetooth radio is not powered on. Turn on Bluetooth and try again.', <BleakBluetoothNotAvailableReason.POWERED_OFF: 3>)
2026-09-30 15:38:30,453 - ERROR - SensorApp.Bluetooth - Bluetooth-Adapter Fehler: ('Bluetooth radio is not powered on. Turn on Bluetooth and try again.', <BleakBluetoothNotAvailableReason.POWERED_OFF: 3>)
2026-09-30 15:38:35,477 - ERROR - SensorApp.Bluetooth - Bluetooth-Adapter Fehler: ('Bluetooth radio is not powered on. Turn on Bluetooth and try again.', <BleakBluetoothNotAvailableReason.POWERED_OFF: 3>)
2026-09-30 15:38:40,486 - ERROR - SensorApp.Bluetooth - Bluetooth-Adapter Fehler: ('Bluetooth radio is not powered on. Turn on Bluetooth and try again.', <BleakBluetoothNotAvailableReason.POWERED_OFF: 3>)
2026-09-30 15:38:45,504 - ERROR - SensorApp.Bluetooth - Bluetooth-Adapter Fehler: ('Bluetooth radio is not powered on. Turn on Bluetooth and try again.', <BleakBluetoothNotAvailableReason.POWERED_OFF: 3>)
2026-09-30 15:38:50,519 - ERROR - SensorApp.Bluetooth - Bluetooth-Adapter Fehler: ('Bluetooth radio is not powered on. Turn on Bluetooth and try again.', <BleakBluetoothNotAvailableReason.POWERED_OFF: 3>)
2026-09-30 15:38:54,389 - INFO - SensorApp - Bereit. Starte automatische Bluetooth-Verbindung...
Tipp: Halte 'x' oder 'y' beim Scrollen für gezielten Zoom!
2026-09-30 15:38:54,884 - INFO - SensorApp.Bluetooth - Automatischer Verbindungsmodus gestartet.
2026-09-30 15:38:54,915 - ERROR - SensorApp.Bluetooth - Bluetooth-Adapter Fehler: ('Bluetooth radio is not powered on. Turn on Bluetooth and try again.', <BleakBluetoothNotAvailableReason.POWERED_OFF: 3>)
2026-09-30 15:38:59,934 - ERROR - SensorApp.Bluetooth - Bluetooth-Adapter Fehler: ('Bluetooth radio is not powered on. Turn on Bluetooth and try again.', <BleakBluetoothNotAvailableReason.POWERED_OFF: 3>)
2026-09-30 15:39:02,553 - INFO - SensorApp - Lade Daten: messung_20260929_162538_d254s.csv
2026-09-30 15:39:04,952 - ERROR - SensorApp.Bluetooth - Bluetooth-Adapter Fehler: ('Bluetooth radio is not powered on. Turn on Bluetooth and try again.', <BleakBluetoothNotAvailableReason.POWERED_OFF: 3>)
2026-09-30 15:39:09,970 - ERROR - SensorApp.Bluetooth - Bluetooth-Adapter Fehler: ('Bluetooth radio is not powered on. Turn on Bluetooth and try again.', <BleakBluetoothNotAvailableReason.POWERED_OFF: 3>)
2026-09-30 15:39:14,992 - ERROR - SensorApp.Bluetooth - Bluetooth-Adapter Fehler: ('Bluetooth radio is not powered on. Turn on Bluetooth and try again.', <BleakBluetoothNotAvailableReason.POWERED_OFF: 3>)
2026-09-30 15:39:20,001 - ERROR - SensorApp.Bluetooth - Bluetooth-Adapter Fehler: ('Bluetooth radio is not powered on. Turn on Bluetooth and try again.', <BleakBluetoothNotAvailableReason.POWERED_OFF: 3>)
2026-09-30 15:39:25,019 - ERROR - SensorApp.Bluetooth - Bluetooth-Adapter Fehler: ('Bluetooth radio is not powered on. Turn on Bluetooth and try again.', <BleakBluetoothNotAvailableReason.POWERED_OFF: 3>)
2026-09-30 15:39:30,034 - ERROR - SensorApp.Bluetooth - Bluetooth-Adapter Fehler: ('Bluetooth radio is not powered on. Turn on Bluetooth and try again.', <BleakBluetoothNotAvailableReason.POWERED_OFF: 3>)
2026-09-30 15:39:35,053 - ERROR - SensorApp.Bluetooth - Bluetooth-Adapter Fehler: ('Bluetooth radio is not powered on. Turn on Bluetooth and try again.', <BleakBluetoothNotAvailableReason.POWERED_OFF: 3>)
2026-09-30 15:39:40,066 - ERROR - SensorApp.Bluetooth - Bluetooth-Adapter Fehler: ('Bluetooth radio is not powered on. Turn on Bluetooth and try again.', <BleakBluetoothNotAvailableReason.POWERED_OFF: 3>)
2026-09-30 15:39:45,083 - ERROR - SensorApp.Bluetooth - Bluetooth-Adapter Fehler: ('Bluetooth radio is not powered on. Turn on Bluetooth and try again.', <BleakBluetoothNotAvailableReason.POWERED_OFF: 3>)
2026-09-30 15:39:50,100 - ERROR - SensorApp.Bluetooth - Bluetooth-Adapter Fehler: ('Bluetooth radio is not powered on. Turn on Bluetooth and try again.', <BleakBluetoothNotAvailableReason.POWERED_OFF: 3>)
2026-09-30 15:39:55,114 - ERROR - SensorApp.Bluetooth - Bluetooth-Adapter Fehler: ('Bluetooth radio is not powered on. Turn on Bluetooth and try again.', <BleakBluetoothNotAvailableReason.POWERED_OFF: 3>)
2026-09-30 15:40:00,116 - ERROR - SensorApp.Bluetooth - Bluetooth-Adapter Fehler: ('Bluetooth radio is not powered on. Turn on Bluetooth and try again.', <BleakBluetoothNotAvailableReason.POWERED_OFF: 3>)
2026-09-30 15:40:05,121 - ERROR - SensorApp.Bluetooth - Bluetooth-Adapter Fehler: ('Bluetooth radio is not powered on. Turn on Bluetooth and try again.', <BleakBluetoothNotAvailableReason.POWERED_OFF: 3>)
2026-09-30 15:40:10,128 - ERROR - SensorApp.Bluetooth - Bluetooth-Adapter Fehler: ('Bluetooth radio is not powered on. Turn on Bluetooth and try again.', <BleakBluetoothNotAvailableReason.POWERED_OFF: 3>)
2026-09-30 15:40:15,140 - ERROR - SensorApp.Bluetooth - Bluetooth-Adapter Fehler: ('Bluetooth radio is not powered on. Turn on Bluetooth and try again.', <BleakBluetoothNotAvailableReason.POWERED_OFF: 3>)
2026-09-30 15:40:20,154 - ERROR - SensorApp.Bluetooth - Bluetooth-Adapter Fehler: ('Bluetooth radio is not powered on. Turn on Bluetooth and try again.', <BleakBluetoothNotAvailableReason.POWERED_OFF: 3>)
2026-09-30 15:40:25,171 - ERROR - SensorApp.Bluetooth - Bluetooth-Adapter Fehler: ('Bluetooth radio is not powered on. Turn on Bluetooth and try again.', <BleakBluetoothNotAvailableReason.POWERED_OFF: 3>)
2026-09-30 15:40:30,174 - ERROR - SensorApp.Bluetooth - Bluetooth-Adapter Fehler: ('Bluetooth radio is not powered on. Turn on Bluetooth and try again.', <BleakBluetoothNotAvailableReason.POWERED_OFF: 3>)
2026-09-30 15:40:35,181 - ERROR - SensorApp.Bluetooth - Bluetooth-Adapter Fehler: ('Bluetooth radio is not powered on. Turn on Bluetooth and try again.', <BleakBluetoothNotAvailableReason.POWERED_OFF: 3>)
2026-09-30 15:40:40,193 - ERROR - SensorApp.Bluetooth - Bluetooth-Adapter Fehler: ('Bluetooth radio is not powered on. Turn on Bluetooth and try again.', <BleakBluetoothNotAvailableReason.POWERED_OFF: 3>)
2026-09-30 15:40:45,194 - ERROR - SensorApp.Bluetooth - Bluetooth-Adapter Fehler: ('Bluetooth radio is not powered on. Turn on Bluetooth and try again.', <BleakBluetoothNotAvailableReason.POWERED_OFF: 3>)
2026-09-30 15:40:50,210 - ERROR - SensorApp.Bluetooth - Bluetooth-Adapter Fehler: ('Bluetooth radio is not powered on. Turn on Bluetooth and try again.', <BleakBluetoothNotAvailableReason.POWERED_OFF: 3>)
2026-09-30 15:40:55,217 - ERROR - SensorApp.Bluetooth - Bluetooth-Adapter Fehler: ('Bluetooth radio is not powered on. Turn on Bluetooth and try again.', <BleakBluetoothNotAvailableReason.POWERED_OFF: 3>)
2026-09-30 15:41:00,226 - ERROR - SensorApp.Bluetooth - Bluetooth-Adapter Fehler: ('Bluetooth radio is not powered on. Turn on Bluetooth and try again.', <BleakBluetoothNotAvailableReason.POWERED_OFF: 3>)
2026-09-30 15:41:05,253 - ERROR - SensorApp.Bluetooth - Bluetooth-Adapter Fehler: ('Bluetooth radio is not powered on. Turn on Bluetooth and try again.', <BleakBluetoothNotAvailableReason.POWERED_OFF: 3>)
2026-09-30 15:41:10,263 - ERROR - SensorApp.Bluetooth - Bluetooth-Adapter Fehler: ('Bluetooth radio is not powered on. Turn on Bluetooth and try again.', <BleakBluetoothNotAvailableReason.POWERED_OFF: 3>)
2026-09-30 15:41:17,211 - INFO - SensorApp - Bereit. Starte automatische Bluetooth-Verbindung...
Tipp: Halte 'x' oder 'y' beim Scrollen für gezielten Zoom!
2026-09-30 15:41:17,728 - INFO - SensorApp.Bluetooth - Automatischer Verbindungsmodus gestartet.
2026-09-30 15:41:17,759 - ERROR - SensorApp.Bluetooth - Bluetooth-Adapter Fehler: ('Bluetooth radio is not powered on. Turn on Bluetooth and try again.', <BleakBluetoothNotAvailableReason.POWERED_OFF: 3>)
2026-09-30 15:41:22,760 - ERROR - SensorApp.Bluetooth - Bluetooth-Adapter Fehler: ('Bluetooth radio is not powered on. Turn on Bluetooth and try again.', <BleakBluetoothNotAvailableReason.POWERED_OFF: 3>)
2026-09-30 15:41:25,451 - INFO - SensorApp - Lade Daten: messung_20260929_162538_d254s.csv
2026-09-30 15:41:27,764 - ERROR - SensorApp.Bluetooth - Bluetooth-Adapter Fehler: ('Bluetooth radio is not powered on. Turn on Bluetooth and try again.', <BleakBluetoothNotAvailableReason.POWERED_OFF: 3>)
2026-09-30 15:41:31,760 - INFO - SensorApp - Notizen in CSV aktualisiert: C:/Users/K1019948/Downloads/messung_20260929_162538_d254s.csv
2026-09-30 15:41:32,782 - ERROR - SensorApp.Bluetooth - Bluetooth-Adapter Fehler: ('Bluetooth radio is not powered on. Turn on Bluetooth and try again.', <BleakBluetoothNotAvailableReason.POWERED_OFF: 3>)
2026-09-30 15:41:37,794 - ERROR - SensorApp.Bluetooth - Bluetooth-Adapter Fehler: ('Bluetooth radio is not powered on. Turn on Bluetooth and try again.', <BleakBluetoothNotAvailableReason.POWERED_OFF: 3>)
2026-09-30 15:41:41,280 - INFO - SensorApp - Lade Daten: messung_20260929_163110_d254s.csv
2026-09-30 15:41:42,796 - ERROR - SensorApp.Bluetooth - Bluetooth-Adapter Fehler: ('Bluetooth radio is not powered on. Turn on Bluetooth and try again.', <BleakBluetoothNotAvailableReason.POWERED_OFF: 3>)
2026-09-30 15:41:44,375 - INFO - SensorApp - Lade Daten: messung_20260929_162538_d254s.csv
2026-09-30 15:41:47,812 - ERROR - SensorApp.Bluetooth - Bluetooth-Adapter Fehler: ('Bluetooth radio is not powered on. Turn on Bluetooth and try again.', <BleakBluetoothNotAvailableReason.POWERED_OFF: 3>)
2026-09-30 15:41:52,827 - ERROR - SensorApp.Bluetooth - Bluetooth-Adapter Fehler: ('Bluetooth radio is not powered on. Turn on Bluetooth and try again.', <BleakBluetoothNotAvailableReason.POWERED_OFF: 3>)
2026-09-30 15:41:57,846 - ERROR - SensorApp.Bluetooth - Bluetooth-Adapter Fehler: ('Bluetooth radio is not powered on. Turn on Bluetooth and try again.', <BleakBluetoothNotAvailableReason.POWERED_OFF: 3>)
2026-10-01 07:58:44,354 - INFO - SensorApp - Bereit. Starte automatische Bluetooth-Verbindung...
Tipp: Halte 'x' oder 'y' beim Scrollen für gezielten Zoom!
2026-10-01 07:58:44,869 - INFO - SensorApp.Bluetooth - Automatischer Verbindungsmodus gestartet.
2026-10-01 07:58:44,922 - ERROR - SensorApp.Bluetooth - Bluetooth-Adapter Fehler: ('Bluetooth radio is not powered on. Turn on Bluetooth and try again.', <BleakBluetoothNotAvailableReason.POWERED_OFF: 3>)
2026-10-01 07:58:49,927 - ERROR - SensorApp.Bluetooth - Bluetooth-Adapter Fehler: ('Bluetooth radio is not powered on. Turn on Bluetooth and try again.', <BleakBluetoothNotAvailableReason.POWERED_OFF: 3>)
2026-10-01 07:58:54,523 - INFO - SensorApp - Lade Daten: messung_20260929_163110_d254s.csv
2026-10-01 07:58:54,940 - ERROR - SensorApp.Bluetooth - Bluetooth-Adapter Fehler: ('Bluetooth radio is not powered on. Turn on Bluetooth and try again.', <BleakBluetoothNotAvailableReason.POWERED_OFF: 3>)
2026-10-01 07:58:57,674 - INFO - SensorApp - Notizen in CSV aktualisiert: C:/Users/K1019948/Downloads/messung_20260929_163110_d254s.csv
2026-10-01 07:58:59,944 - ERROR - SensorApp.Bluetooth - Bluetooth-Adapter Fehler: ('Bluetooth radio is not powered on. Turn on Bluetooth and try again.', <BleakBluetoothNotAvailableReason.POWERED_OFF: 3>)
2026-10-01 07:59:03,927 - INFO - SensorApp - Lade Daten: messung_20260929_162538_d254s.csv
2026-10-01 07:59:04,959 - ERROR - SensorApp.Bluetooth - Bluetooth-Adapter Fehler: ('Bluetooth radio is not powered on. Turn on Bluetooth and try again.', <BleakBluetoothNotAvailableReason.POWERED_OFF: 3>)
2026-10-01 07:59:05,889 - INFO - SensorApp - Lade Daten: messung_20260929_163110_d254s.csv
2026-10-01 07:59:09,974 - ERROR - SensorApp.Bluetooth - Bluetooth-Adapter Fehler: ('Bluetooth radio is not powered on. Turn on Bluetooth and try again.', <BleakBluetoothNotAvailableReason.POWERED_OFF: 3>)
2026-10-01 07:59:14,985 - ERROR - SensorApp.Bluetooth - Bluetooth-Adapter Fehler: ('Bluetooth radio is not powered on. Turn on Bluetooth and try again.', <BleakBluetoothNotAvailableReason.POWERED_OFF: 3>)
2026-10-01 07:59:19,993 - ERROR - SensorApp.Bluetooth - Bluetooth-Adapter Fehler: ('Bluetooth radio is not powered on. Turn on Bluetooth and try again.', <BleakBluetoothNotAvailableReason.POWERED_OFF: 3>)
2026-10-01 07:59:24,906 - INFO - SensorApp - Notizen in CSV aktualisiert: C:/Users/K1019948/Downloads/messung_20260929_163110_d254s.csv
2026-10-01 07:59:25,006 - ERROR - SensorApp.Bluetooth - Bluetooth-Adapter Fehler: ('Bluetooth radio is not powered on. Turn on Bluetooth and try again.', <BleakBluetoothNotAvailableReason.POWERED_OFF: 3>)
2026-10-01 07:59:30,010 - ERROR - SensorApp.Bluetooth - Bluetooth-Adapter Fehler: ('Bluetooth radio is not powered on. Turn on Bluetooth and try again.', <BleakBluetoothNotAvailableReason.POWERED_OFF: 3>)
2026-10-01 07:59:30,622 - INFO - SensorApp - Lade Daten: messung_20260929_163246_d254s.csv
2026-10-01 07:59:32,473 - INFO - SensorApp - Lade Daten: messung_20260929_163110_d254s.csv
2026-10-01 07:59:35,025 - ERROR - SensorApp.Bluetooth - Bluetooth-Adapter Fehler: ('Bluetooth radio is not powered on. Turn on Bluetooth and try again.', <BleakBluetoothNotAvailableReason.POWERED_OFF: 3>)
2026-10-01 07:59:40,040 - ERROR - SensorApp.Bluetooth - Bluetooth-Adapter Fehler: ('Bluetooth radio is not powered on. Turn on Bluetooth and try again.', <BleakBluetoothNotAvailableReason.POWERED_OFF: 3>)
2026-10-01 07:59:44,257 - INFO - SensorApp - Notizen in CSV aktualisiert: C:/Users/K1019948/Downloads/messung_20260929_163110_d254s.csv
2026-10-01 07:59:45,043 - ERROR - SensorApp.Bluetooth - Bluetooth-Adapter Fehler: ('Bluetooth radio is not powered on. Turn on Bluetooth and try again.', <BleakBluetoothNotAvailableReason.POWERED_OFF: 3>)
2026-10-01 07:59:47,613 - INFO - SensorApp - Lade Daten: messung_20260929_163246_d254s.csv
2026-10-01 07:59:49,654 - INFO - SensorApp - Lade Daten: messung_20260929_163110_d254s.csv
2026-10-01 07:59:50,057 - ERROR - SensorApp.Bluetooth - Bluetooth-Adapter Fehler: ('Bluetooth radio is not powered on. Turn on Bluetooth and try again.', <BleakBluetoothNotAvailableReason.POWERED_OFF: 3>)
2026-10-01 07:59:55,074 - ERROR - SensorApp.Bluetooth - Bluetooth-Adapter Fehler: ('Bluetooth radio is not powered on. Turn on Bluetooth and try again.', <BleakBluetoothNotAvailableReason.POWERED_OFF: 3>)
2026-10-01 08:00:00,089 - ERROR - SensorApp.Bluetooth - Bluetooth-Adapter Fehler: ('Bluetooth radio is not powered on. Turn on Bluetooth and try again.', <BleakBluetoothNotAvailableReason.POWERED_OFF: 3>)
2026-10-01 08:00:05,092 - ERROR - SensorApp.Bluetooth - Bluetooth-Adapter Fehler: ('Bluetooth radio is not powered on. Turn on Bluetooth and try again.', <BleakBluetoothNotAvailableReason.POWERED_OFF: 3>)
2026-10-01 08:00:10,106 - ERROR - SensorApp.Bluetooth - Bluetooth-Adapter Fehler: ('Bluetooth radio is not powered on. Turn on Bluetooth and try again.', <BleakBluetoothNotAvailableReason.POWERED_OFF: 3>)
2026-10-01 08:00:15,121 - ERROR - SensorApp.Bluetooth - Bluetooth-Adapter Fehler: ('Bluetooth radio is not powered on. Turn on Bluetooth and try again.', <BleakBluetoothNotAvailableReason.POWERED_OFF: 3>)
2026-10-01 08:00:20,137 - ERROR - SensorApp.Bluetooth - Bluetooth-Adapter Fehler: ('Bluetooth radio is not powered on. Turn on Bluetooth and try again.', <BleakBluetoothNotAvailableReason.POWERED_OFF: 3>)
2026-10-01 08:00:25,156 - ERROR - SensorApp.Bluetooth - Bluetooth-Adapter Fehler: ('Bluetooth radio is not powered on. Turn on Bluetooth and try again.', <BleakBluetoothNotAvailableReason.POWERED_OFF: 3>)
2026-10-01 08:00:30,169 - ERROR - SensorApp.Bluetooth - Bluetooth-Adapter Fehler: ('Bluetooth radio is not powered on. Turn on Bluetooth and try again.', <BleakBluetoothNotAvailableReason.POWERED_OFF: 3>)
2026-10-01 08:00:35,178 - ERROR - SensorApp.Bluetooth - Bluetooth-Adapter Fehler: ('Bluetooth radio is not powered on. Turn on Bluetooth and try again.', <BleakBluetoothNotAvailableReason.POWERED_OFF: 3>)
2026-10-01 08:00:40,194 - ERROR - SensorApp.Bluetooth - Bluetooth-Adapter Fehler: ('Bluetooth radio is not powered on. Turn on Bluetooth and try again.', <BleakBluetoothNotAvailableReason.POWERED_OFF: 3>)
2026-10-01 08:00:45,207 - ERROR - SensorApp.Bluetooth - Bluetooth-Adapter Fehler: ('Bluetooth radio is not powered on. Turn on Bluetooth and try again.', <BleakBluetoothNotAvailableReason.POWERED_OFF: 3>)
2026-10-01 08:00:50,213 - ERROR - SensorApp.Bluetooth - Bluetooth-Adapter Fehler: ('Bluetooth radio is not powered on. Turn on Bluetooth and try again.', <BleakBluetoothNotAvailableReason.POWERED_OFF: 3>)
2026-10-01 08:00:55,223 - ERROR - SensorApp.Bluetooth - Bluetooth-Adapter Fehler: ('Bluetooth radio is not powered on. Turn on Bluetooth and try again.', <BleakBluetoothNotAvailableReason.POWERED_OFF: 3>)
2026-10-01 08:01:00,237 - ERROR - SensorApp.Bluetooth - Bluetooth-Adapter Fehler: ('Bluetooth radio is not powered on. Turn on Bluetooth and try again.', <BleakBluetoothNotAvailableReason.POWERED_OFF: 3>)
2026-10-01 08:01:05,260 - ERROR - SensorApp.Bluetooth - Bluetooth-Adapter Fehler: ('Bluetooth radio is not powered on. Turn on Bluetooth and try again.', <BleakBluetoothNotAvailableReason.POWERED_OFF: 3>)
2026-10-01 08:01:10,269 - ERROR - SensorApp.Bluetooth - Bluetooth-Adapter Fehler: ('Bluetooth radio is not powered on. Turn on Bluetooth and try again.', <BleakBluetoothNotAvailableReason.POWERED_OFF: 3>)
2026-10-01 08:01:15,274 - ERROR - SensorApp.Bluetooth - Bluetooth-Adapter Fehler: ('Bluetooth radio is not powered on. Turn on Bluetooth and try again.', <BleakBluetoothNotAvailableReason.POWERED_OFF: 3>)
2026-10-01 08:01:20,294 - ERROR - SensorApp.Bluetooth - Bluetooth-Adapter Fehler: ('Bluetooth radio is not powered on. Turn on Bluetooth and try again.', <BleakBluetoothNotAvailableReason.POWERED_OFF: 3>)
2026-10-01 08:01:25,312 - ERROR - SensorApp.Bluetooth - Bluetooth-Adapter Fehler: ('Bluetooth radio is not powered on. Turn on Bluetooth and try again.', <BleakBluetoothNotAvailableReason.POWERED_OFF: 3>)
2026-10-01 08:01:30,331 - ERROR - SensorApp.Bluetooth - Bluetooth-Adapter Fehler: ('Bluetooth radio is not powered on. Turn on Bluetooth and try again.', <BleakBluetoothNotAvailableReason.POWERED_OFF: 3>)
2026-10-01 08:01:35,341 - ERROR - SensorApp.Bluetooth - Bluetooth-Adapter Fehler: ('Bluetooth radio is not powered on. Turn on Bluetooth and try again.', <BleakBluetoothNotAvailableReason.POWERED_OFF: 3>)
2026-10-01 08:01:40,359 - ERROR - SensorApp.Bluetooth - Bluetooth-Adapter Fehler: ('Bluetooth radio is not powered on. Turn on Bluetooth and try again.', <BleakBluetoothNotAvailableReason.POWERED_OFF: 3>)
2026-10-01 08:01:45,377 - ERROR - SensorApp.Bluetooth - Bluetooth-Adapter Fehler: ('Bluetooth radio is not powered on. Turn on Bluetooth and try again.', <BleakBluetoothNotAvailableReason.POWERED_OFF: 3>)
2026-10-01 08:01:50,388 - ERROR - SensorApp.Bluetooth - Bluetooth-Adapter Fehler: ('Bluetooth radio is not powered on. Turn on Bluetooth and try again.', <BleakBluetoothNotAvailableReason.POWERED_OFF: 3>)
2026-10-01 08:01:55,390 - ERROR - SensorApp.Bluetooth - Bluetooth-Adapter Fehler: ('Bluetooth radio is not powered on. Turn on Bluetooth and try again.', <BleakBluetoothNotAvailableReason.POWERED_OFF: 3>)
2026-10-01 08:02:00,407 - ERROR - SensorApp.Bluetooth - Bluetooth-Adapter Fehler: ('Bluetooth radio is not powered on. Turn on Bluetooth and try again.', <BleakBluetoothNotAvailableReason.POWERED_OFF: 3>)
2026-10-01 08:02:05,421 - ERROR - SensorApp.Bluetooth - Bluetooth-Adapter Fehler: ('Bluetooth radio is not powered on. Turn on Bluetooth and try again.', <BleakBluetoothNotAvailableReason.POWERED_OFF: 3>)
2026-10-01 08:02:10,424 - ERROR - SensorApp.Bluetooth - Bluetooth-Adapter Fehler: ('Bluetooth radio is not powered on. Turn on Bluetooth and try again.', <BleakBluetoothNotAvailableReason.POWERED_OFF: 3>)
2026-10-01 08:02:15,441 - ERROR - SensorApp.Bluetooth - Bluetooth-Adapter Fehler: ('Bluetooth radio is not powered on. Turn on Bluetooth and try again.', <BleakBluetoothNotAvailableReason.POWERED_OFF: 3>)
2026-10-01 08:02:20,455 - ERROR - SensorApp.Bluetooth - Bluetooth-Adapter Fehler: ('Bluetooth radio is not powered on. Turn on Bluetooth and try again.', <BleakBluetoothNotAvailableReason.POWERED_OFF: 3>)
2026-10-01 08:02:25,463 - ERROR - SensorApp.Bluetooth - Bluetooth-Adapter Fehler: ('Bluetooth radio is not powered on. Turn on Bluetooth and try again.', <BleakBluetoothNotAvailableReason.POWERED_OFF: 3>)
2026-10-01 08:02:26,254 - INFO - SensorApp - Notizen in CSV aktualisiert: C:/Users/K1019948/Downloads/messung_20260929_163110_d254s.csv
2026-10-01 08:02:29,938 - INFO - SensorApp - Lade Daten: messung_20260929_162538_d254s.csv
2026-10-01 08:02:30,479 - ERROR - SensorApp.Bluetooth - Bluetooth-Adapter Fehler: ('Bluetooth radio is not powered on. Turn on Bluetooth and try again.', <BleakBluetoothNotAvailableReason.POWERED_OFF: 3>)
2026-10-01 08:02:31,922 - INFO - SensorApp - Lade Daten: messung_20260929_163110_d254s.csv
2026-10-01 08:02:35,496 - ERROR - SensorApp.Bluetooth - Bluetooth-Adapter Fehler: ('Bluetooth radio is not powered on. Turn on Bluetooth and try again.', <BleakBluetoothNotAvailableReason.POWERED_OFF: 3>)
2026-10-01 08:02:40,518 - ERROR - SensorApp.Bluetooth - Bluetooth-Adapter Fehler: ('Bluetooth radio is not powered on. Turn on Bluetooth and try again.', <BleakBluetoothNotAvailableReason.POWERED_OFF: 3>)
2026-10-01 08:02:45,523 - ERROR - SensorApp.Bluetooth - Bluetooth-Adapter Fehler: ('Bluetooth radio is not powered on. Turn on Bluetooth and try again.', <BleakBluetoothNotAvailableReason.POWERED_OFF: 3>)
2026-10-01 08:02:50,541 - ERROR - SensorApp.Bluetooth - Bluetooth-Adapter Fehler: ('Bluetooth radio is not powered on. Turn on Bluetooth and try again.', <BleakBluetoothNotAvailableReason.POWERED_OFF: 3>)
2026-10-01 08:02:55,559 - ERROR - SensorApp.Bluetooth - Bluetooth-Adapter Fehler: ('Bluetooth radio is not powered on. Turn on Bluetooth and try again.', <BleakBluetoothNotAvailableReason.POWERED_OFF: 3>)
2026-10-01 08:03:00,578 - ERROR - SensorApp.Bluetooth - Bluetooth-Adapter Fehler: ('Bluetooth radio is not powered on. Turn on Bluetooth and try again.', <BleakBluetoothNotAvailableReason.POWERED_OFF: 3>)
2026-10-01 08:03:05,598 - ERROR - SensorApp.Bluetooth - Bluetooth-Adapter Fehler: ('Bluetooth radio is not powered on. Turn on Bluetooth and try again.', <BleakBluetoothNotAvailableReason.POWERED_OFF: 3>)
2026-10-01 08:03:10,609 - ERROR - SensorApp.Bluetooth - Bluetooth-Adapter Fehler: ('Bluetooth radio is not powered on. Turn on Bluetooth and try again.', <BleakBluetoothNotAvailableReason.POWERED_OFF: 3>)
2026-10-01 08:03:15,626 - ERROR - SensorApp.Bluetooth - Bluetooth-Adapter Fehler: ('Bluetooth radio is not powered on. Turn on Bluetooth and try again.', <BleakBluetoothNotAvailableReason.POWERED_OFF: 3>)
2026-10-01 08:03:20,644 - ERROR - SensorApp.Bluetooth - Bluetooth-Adapter Fehler: ('Bluetooth radio is not powered on. Turn on Bluetooth and try again.', <BleakBluetoothNotAvailableReason.POWERED_OFF: 3>)
2026-10-01 08:03:25,658 - ERROR - SensorApp.Bluetooth - Bluetooth-Adapter Fehler: ('Bluetooth radio is not powered on. Turn on Bluetooth and try again.', <BleakBluetoothNotAvailableReason.POWERED_OFF: 3>)
2026-10-01 08:03:30,681 - ERROR - SensorApp.Bluetooth - Bluetooth-Adapter Fehler: ('Bluetooth radio is not powered on. Turn on Bluetooth and try again.', <BleakBluetoothNotAvailableReason.POWERED_OFF: 3>)
2026-10-01 08:03:35,692 - ERROR - SensorApp.Bluetooth - Bluetooth-Adapter Fehler: ('Bluetooth radio is not powered on. Turn on Bluetooth and try again.', <BleakBluetoothNotAvailableReason.POWERED_OFF: 3>)
2026-10-01 08:03:40,709 - ERROR - SensorApp.Bluetooth - Bluetooth-Adapter Fehler: ('Bluetooth radio is not powered on. Turn on Bluetooth and try again.', <BleakBluetoothNotAvailableReason.POWERED_OFF: 3>)
2026-10-01 08:03:45,714 - ERROR - SensorApp.Bluetooth - Bluetooth-Adapter Fehler: ('Bluetooth radio is not powered on. Turn on Bluetooth and try again.', <BleakBluetoothNotAvailableReason.POWERED_OFF: 3>)
2026-10-01 08:03:50,730 - ERROR - SensorApp.Bluetooth - Bluetooth-Adapter Fehler: ('Bluetooth radio is not powered on. Turn on Bluetooth and try again.', <BleakBluetoothNotAvailableReason.POWERED_OFF: 3>)
2026-10-01 08:03:55,742 - ERROR - SensorApp.Bluetooth - Bluetooth-Adapter Fehler: ('Bluetooth radio is not powered on. Turn on Bluetooth and try again.', <BleakBluetoothNotAvailableReason.POWERED_OFF: 3>)
2026-10-01 08:04:00,758 - ERROR - SensorApp.Bluetooth - Bluetooth-Adapter Fehler: ('Bluetooth radio is not powered on. Turn on Bluetooth and try again.', <BleakBluetoothNotAvailableReason.POWERED_OFF: 3>)
2026-10-01 08:04:05,775 - ERROR - SensorApp.Bluetooth - Bluetooth-Adapter Fehler: ('Bluetooth radio is not powered on. Turn on Bluetooth and try again.', <BleakBluetoothNotAvailableReason.POWERED_OFF: 3>)
2026-10-01 08:04:10,794 - ERROR - SensorApp.Bluetooth - Bluetooth-Adapter Fehler: ('Bluetooth radio is not powered on. Turn on Bluetooth and try again.', <BleakBluetoothNotAvailableReason.POWERED_OFF: 3>)
2026-10-01 08:04:14,233 - INFO - SensorApp - Bereit. Starte automatische Bluetooth-Verbindung...
Tipp: Halte 'x' oder 'y' beim Scrollen für gezielten Zoom!
2026-10-01 08:04:14,742 - INFO - SensorApp.Bluetooth - Automatischer Verbindungsmodus gestartet.
2026-10-01 08:04:14,757 - ERROR - SensorApp.Bluetooth - Bluetooth-Adapter Fehler: ('Bluetooth radio is not powered on. Turn on Bluetooth and try again.', <BleakBluetoothNotAvailableReason.POWERED_OFF: 3>)
2026-10-01 08:04:17,457 - INFO - SensorApp - Lade Daten: messung_20260929_163110_d254s.csv
2026-10-01 08:04:19,774 - ERROR - SensorApp.Bluetooth - Bluetooth-Adapter Fehler: ('Bluetooth radio is not powered on. Turn on Bluetooth and try again.', <BleakBluetoothNotAvailableReason.POWERED_OFF: 3>)
2026-10-01 08:04:24,083 - INFO - SensorApp - Lade Daten: messung_20260929_162538_d254s.csv
2026-10-01 08:04:24,774 - ERROR - SensorApp.Bluetooth - Bluetooth-Adapter Fehler: ('Bluetooth radio is not powered on. Turn on Bluetooth and try again.', <BleakBluetoothNotAvailableReason.POWERED_OFF: 3>)
2026-10-01 08:04:26,541 - INFO - SensorApp - Lade Daten: messung_20260929_163110_d254s.csv
2026-10-01 08:04:29,784 - ERROR - SensorApp.Bluetooth - Bluetooth-Adapter Fehler: ('Bluetooth radio is not powered on. Turn on Bluetooth and try again.', <BleakBluetoothNotAvailableReason.POWERED_OFF: 3>)
2026-10-01 08:04:34,791 - ERROR - SensorApp.Bluetooth - Bluetooth-Adapter Fehler: ('Bluetooth radio is not powered on. Turn on Bluetooth and try again.', <BleakBluetoothNotAvailableReason.POWERED_OFF: 3>)
2026-10-01 08:04:39,792 - ERROR - SensorApp.Bluetooth - Bluetooth-Adapter Fehler: ('Bluetooth radio is not powered on. Turn on Bluetooth and try again.', <BleakBluetoothNotAvailableReason.POWERED_OFF: 3>)
2026-10-01 08:04:44,794 - ERROR - SensorApp.Bluetooth - Bluetooth-Adapter Fehler: ('Bluetooth radio is not powered on. Turn on Bluetooth and try again.', <BleakBluetoothNotAvailableReason.POWERED_OFF: 3>)
2026-10-01 08:04:45,833 - ERROR - SensorApp - Fehler beim Speichern der Notizen in die CSV: [Errno 13] Permission denied: 'C:/Users/K1019948/Downloads/messung_20260929_163110_d254s.csv'
2026-10-01 08:04:49,811 - ERROR - SensorApp.Bluetooth - Bluetooth-Adapter Fehler: ('Bluetooth radio is not powered on. Turn on Bluetooth and try again.', <BleakBluetoothNotAvailableReason.POWERED_OFF: 3>)
2026-10-01 08:04:53,328 - ERROR - SensorApp - Fehler beim Speichern der Notizen in die CSV: [Errno 13] Permission denied: 'C:/Users/K1019948/Downloads/messung_20260929_163110_d254s.csv'
2026-10-01 08:04:54,827 - ERROR - SensorApp.Bluetooth - Bluetooth-Adapter Fehler: ('Bluetooth radio is not powered on. Turn on Bluetooth and try again.', <BleakBluetoothNotAvailableReason.POWERED_OFF: 3>)
2026-10-01 08:04:59,016 - INFO - SensorApp - Notizen in CSV aktualisiert: C:/Users/K1019948/Downloads/messung_20260929_163110_d254s.csv
2026-10-01 08:04:59,843 - ERROR - SensorApp.Bluetooth - Bluetooth-Adapter Fehler: ('Bluetooth radio is not powered on. Turn on Bluetooth and try again.', <BleakBluetoothNotAvailableReason.POWERED_OFF: 3>)
2026-10-01 08:05:04,860 - ERROR - SensorApp.Bluetooth - Bluetooth-Adapter Fehler: ('Bluetooth radio is not powered on. Turn on Bluetooth and try again.', <BleakBluetoothNotAvailableReason.POWERED_OFF: 3>)
2026-10-01 08:05:09,925 - ERROR - SensorApp.Bluetooth - Bluetooth-Adapter Fehler: ('Bluetooth radio is not powered on. Turn on Bluetooth and try again.', <BleakBluetoothNotAvailableReason.POWERED_OFF: 3>)
2026-10-01 08:06:00,276 - INFO - SensorApp - Bereit. Starte automatische Bluetooth-Verbindung...
Tipp: Halte 'x' oder 'y' beim Scrollen für gezielten Zoom!
2026-10-01 08:06:00,788 - INFO - SensorApp.Bluetooth - Automatischer Verbindungsmodus gestartet.
2026-10-01 08:06:00,809 - ERROR - SensorApp.Bluetooth - Bluetooth-Adapter Fehler: ('Bluetooth radio is not powered on. Turn on Bluetooth and try again.', <BleakBluetoothNotAvailableReason.POWERED_OFF: 3>)
2026-10-01 08:06:05,812 - ERROR - SensorApp.Bluetooth - Bluetooth-Adapter Fehler: ('Bluetooth radio is not powered on. Turn on Bluetooth and try again.', <BleakBluetoothNotAvailableReason.POWERED_OFF: 3>)
2026-10-01 08:06:10,824 - ERROR - SensorApp.Bluetooth - Bluetooth-Adapter Fehler: ('Bluetooth radio is not powered on. Turn on Bluetooth and try again.', <BleakBluetoothNotAvailableReason.POWERED_OFF: 3>)
2026-10-01 08:06:15,828 - ERROR - SensorApp.Bluetooth - Bluetooth-Adapter Fehler: ('Bluetooth radio is not powered on. Turn on Bluetooth and try again.', <BleakBluetoothNotAvailableReason.POWERED_OFF: 3>)
2026-10-01 08:06:20,845 - ERROR - SensorApp.Bluetooth - Bluetooth-Adapter Fehler: ('Bluetooth radio is not powered on. Turn on Bluetooth and try again.', <BleakBluetoothNotAvailableReason.POWERED_OFF: 3>)
2026-10-01 08:06:25,862 - ERROR - SensorApp.Bluetooth - Bluetooth-Adapter Fehler: ('Bluetooth radio is not powered on. Turn on Bluetooth and try again.', <BleakBluetoothNotAvailableReason.POWERED_OFF: 3>)
2026-10-01 08:06:30,862 - ERROR - SensorApp.Bluetooth - Bluetooth-Adapter Fehler: ('Bluetooth radio is not powered on. Turn on Bluetooth and try again.', <BleakBluetoothNotAvailableReason.POWERED_OFF: 3>)
2026-10-01 08:06:35,879 - ERROR - SensorApp.Bluetooth - Bluetooth-Adapter Fehler: ('Bluetooth radio is not powered on. Turn on Bluetooth and try again.', <BleakBluetoothNotAvailableReason.POWERED_OFF: 3>)
2026-10-01 08:06:40,893 - ERROR - SensorApp.Bluetooth - Bluetooth-Adapter Fehler: ('Bluetooth radio is not powered on. Turn on Bluetooth and try again.', <BleakBluetoothNotAvailableReason.POWERED_OFF: 3>)
2026-10-01 08:06:45,894 - ERROR - SensorApp.Bluetooth - Bluetooth-Adapter Fehler: ('Bluetooth radio is not powered on. Turn on Bluetooth and try again.', <BleakBluetoothNotAvailableReason.POWERED_OFF: 3>)
2026-10-01 08:06:50,910 - ERROR - SensorApp.Bluetooth - Bluetooth-Adapter Fehler: ('Bluetooth radio is not powered on. Turn on Bluetooth and try again.', <BleakBluetoothNotAvailableReason.POWERED_OFF: 3>)
2026-10-01 08:06:55,913 - ERROR - SensorApp.Bluetooth - Bluetooth-Adapter Fehler: ('Bluetooth radio is not powered on. Turn on Bluetooth and try again.', <BleakBluetoothNotAvailableReason.POWERED_OFF: 3>)
2026-10-01 08:07:00,928 - ERROR - SensorApp.Bluetooth - Bluetooth-Adapter Fehler: ('Bluetooth radio is not powered on. Turn on Bluetooth and try again.', <BleakBluetoothNotAvailableReason.POWERED_OFF: 3>)
2026-10-01 08:07:05,945 - ERROR - SensorApp.Bluetooth - Bluetooth-Adapter Fehler: ('Bluetooth radio is not powered on. Turn on Bluetooth and try again.', <BleakBluetoothNotAvailableReason.POWERED_OFF: 3>)
2026-10-01 08:07:10,962 - ERROR - SensorApp.Bluetooth - Bluetooth-Adapter Fehler: ('Bluetooth radio is not powered on. Turn on Bluetooth and try again.', <BleakBluetoothNotAvailableReason.POWERED_OFF: 3>)
2026-10-01 08:07:15,976 - ERROR - SensorApp.Bluetooth - Bluetooth-Adapter Fehler: ('Bluetooth radio is not powered on. Turn on Bluetooth and try again.', <BleakBluetoothNotAvailableReason.POWERED_OFF: 3>)
2026-10-01 08:07:20,990 - ERROR - SensorApp.Bluetooth - Bluetooth-Adapter Fehler: ('Bluetooth radio is not powered on. Turn on Bluetooth and try again.', <BleakBluetoothNotAvailableReason.POWERED_OFF: 3>)
2026-10-01 08:07:26,006 - ERROR - SensorApp.Bluetooth - Bluetooth-Adapter Fehler: ('Bluetooth radio is not powered on. Turn on Bluetooth and try again.', <BleakBluetoothNotAvailableReason.POWERED_OFF: 3>)
2026-10-01 08:07:31,018 - ERROR - SensorApp.Bluetooth - Bluetooth-Adapter Fehler: ('Bluetooth radio is not powered on. Turn on Bluetooth and try again.', <BleakBluetoothNotAvailableReason.POWERED_OFF: 3>)
2026-10-01 08:07:36,026 - ERROR - SensorApp.Bluetooth - Bluetooth-Adapter Fehler: ('Bluetooth radio is not powered on. Turn on Bluetooth and try again.', <BleakBluetoothNotAvailableReason.POWERED_OFF: 3>)
2026-10-01 08:07:41,042 - ERROR - SensorApp.Bluetooth - Bluetooth-Adapter Fehler: ('Bluetooth radio is not powered on. Turn on Bluetooth and try again.', <BleakBluetoothNotAvailableReason.POWERED_OFF: 3>)
2026-10-01 08:07:46,059 - ERROR - SensorApp.Bluetooth - Bluetooth-Adapter Fehler: ('Bluetooth radio is not powered on. Turn on Bluetooth and try again.', <BleakBluetoothNotAvailableReason.POWERED_OFF: 3>)
2026-10-01 08:07:51,074 - ERROR - SensorApp.Bluetooth - Bluetooth-Adapter Fehler: ('Bluetooth radio is not powered on. Turn on Bluetooth and try again.', <BleakBluetoothNotAvailableReason.POWERED_OFF: 3>)
2026-10-01 08:07:56,086 - ERROR - SensorApp.Bluetooth - Bluetooth-Adapter Fehler: ('Bluetooth radio is not powered on. Turn on Bluetooth and try again.', <BleakBluetoothNotAvailableReason.POWERED_OFF: 3>)
2026-10-01 08:08:01,091 - ERROR - SensorApp.Bluetooth - Bluetooth-Adapter Fehler: ('Bluetooth radio is not powered on. Turn on Bluetooth and try again.', <BleakBluetoothNotAvailableReason.POWERED_OFF: 3>)
2026-10-01 08:08:06,093 - ERROR - SensorApp.Bluetooth - Bluetooth-Adapter Fehler: ('Bluetooth radio is not powered on. Turn on Bluetooth and try again.', <BleakBluetoothNotAvailableReason.POWERED_OFF: 3>)
2026-10-01 08:08:11,107 - ERROR - SensorApp.Bluetooth - Bluetooth-Adapter Fehler: ('Bluetooth radio is not powered on. Turn on Bluetooth and try again.', <BleakBluetoothNotAvailableReason.POWERED_OFF: 3>)
2026-10-01 08:08:16,109 - ERROR - SensorApp.Bluetooth - Bluetooth-Adapter Fehler: ('Bluetooth radio is not powered on. Turn on Bluetooth and try again.', <BleakBluetoothNotAvailableReason.POWERED_OFF: 3>)
2026-10-01 08:08:21,128 - ERROR - SensorApp.Bluetooth - Bluetooth-Adapter Fehler: ('Bluetooth radio is not powered on. Turn on Bluetooth and try again.', <BleakBluetoothNotAvailableReason.POWERED_OFF: 3>)
2026-10-01 08:08:26,143 - ERROR - SensorApp.Bluetooth - Bluetooth-Adapter Fehler: ('Bluetooth radio is not powered on. Turn on Bluetooth and try again.', <BleakBluetoothNotAvailableReason.POWERED_OFF: 3>)
2026-10-01 08:08:31,159 - ERROR - SensorApp.Bluetooth - Bluetooth-Adapter Fehler: ('Bluetooth radio is not powered on. Turn on Bluetooth and try again.', <BleakBluetoothNotAvailableReason.POWERED_OFF: 3>)
2026-10-01 08:08:36,172 - ERROR - SensorApp.Bluetooth - Bluetooth-Adapter Fehler: ('Bluetooth radio is not powered on. Turn on Bluetooth and try again.', <BleakBluetoothNotAvailableReason.POWERED_OFF: 3>)
2026-10-01 08:08:41,175 - ERROR - SensorApp.Bluetooth - Bluetooth-Adapter Fehler: ('Bluetooth radio is not powered on. Turn on Bluetooth and try again.', <BleakBluetoothNotAvailableReason.POWERED_OFF: 3>)
2026-10-01 08:08:46,189 - ERROR - SensorApp.Bluetooth - Bluetooth-Adapter Fehler: ('Bluetooth radio is not powered on. Turn on Bluetooth and try again.', <BleakBluetoothNotAvailableReason.POWERED_OFF: 3>)
2026-10-01 08:08:51,191 - ERROR - SensorApp.Bluetooth - Bluetooth-Adapter Fehler: ('Bluetooth radio is not powered on. Turn on Bluetooth and try again.', <BleakBluetoothNotAvailableReason.POWERED_OFF: 3>)
2026-10-01 08:08:56,206 - ERROR - SensorApp.Bluetooth - Bluetooth-Adapter Fehler: ('Bluetooth radio is not powered on. Turn on Bluetooth and try again.', <BleakBluetoothNotAvailableReason.POWERED_OFF: 3>)
2026-10-01 08:09:01,207 - ERROR - SensorApp.Bluetooth - Bluetooth-Adapter Fehler: ('Bluetooth radio is not powered on. Turn on Bluetooth and try again.', <BleakBluetoothNotAvailableReason.POWERED_OFF: 3>)
2026-10-01 08:09:06,208 - ERROR - SensorApp.Bluetooth - Bluetooth-Adapter Fehler: ('Bluetooth radio is not powered on. Turn on Bluetooth and try again.', <BleakBluetoothNotAvailableReason.POWERED_OFF: 3>)
2026-10-01 08:09:11,222 - ERROR - SensorApp.Bluetooth - Bluetooth-Adapter Fehler: ('Bluetooth radio is not powered on. Turn on Bluetooth and try again.', <BleakBluetoothNotAvailableReason.POWERED_OFF: 3>)
2026-10-01 08:09:16,225 - ERROR - SensorApp.Bluetooth - Bluetooth-Adapter Fehler: ('Bluetooth radio is not powered on. Turn on Bluetooth and try again.', <BleakBluetoothNotAvailableReason.POWERED_OFF: 3>)
2026-10-01 08:09:21,238 - ERROR - SensorApp.Bluetooth - Bluetooth-Adapter Fehler: ('Bluetooth radio is not powered on. Turn on Bluetooth and try again.', <BleakBluetoothNotAvailableReason.POWERED_OFF: 3>)
2026-10-01 08:09:26,241 - ERROR - SensorApp.Bluetooth - Bluetooth-Adapter Fehler: ('Bluetooth radio is not powered on. Turn on Bluetooth and try again.', <BleakBluetoothNotAvailableReason.POWERED_OFF: 3>)
2026-10-01 08:09:31,254 - ERROR - SensorApp.Bluetooth - Bluetooth-Adapter Fehler: ('Bluetooth radio is not powered on. Turn on Bluetooth and try again.', <BleakBluetoothNotAvailableReason.POWERED_OFF: 3>)
2026-10-01 08:09:36,266 - ERROR - SensorApp.Bluetooth - Bluetooth-Adapter Fehler: ('Bluetooth radio is not powered on. Turn on Bluetooth and try again.', <BleakBluetoothNotAvailableReason.POWERED_OFF: 3>)
2026-10-01 08:09:41,278 - ERROR - SensorApp.Bluetooth - Bluetooth-Adapter Fehler: ('Bluetooth radio is not powered on. Turn on Bluetooth and try again.', <BleakBluetoothNotAvailableReason.POWERED_OFF: 3>)
2026-10-01 08:09:46,292 - ERROR - SensorApp.Bluetooth - Bluetooth-Adapter Fehler: ('Bluetooth radio is not powered on. Turn on Bluetooth and try again.', <BleakBluetoothNotAvailableReason.POWERED_OFF: 3>)
2026-10-01 08:09:51,303 - ERROR - SensorApp.Bluetooth - Bluetooth-Adapter Fehler: ('Bluetooth radio is not powered on. Turn on Bluetooth and try again.', <BleakBluetoothNotAvailableReason.POWERED_OFF: 3>)
2026-10-01 08:09:56,310 - ERROR - SensorApp.Bluetooth - Bluetooth-Adapter Fehler: ('Bluetooth radio is not powered on. Turn on Bluetooth and try again.', <BleakBluetoothNotAvailableReason.POWERED_OFF: 3>)
2026-10-01 08:10:01,322 - ERROR - SensorApp.Bluetooth - Bluetooth-Adapter Fehler: ('Bluetooth radio is not powered on. Turn on Bluetooth and try again.', <BleakBluetoothNotAvailableReason.POWERED_OFF: 3>)
2026-10-01 08:10:06,324 - ERROR - SensorApp.Bluetooth - Bluetooth-Adapter Fehler: ('Bluetooth radio is not powered on. Turn on Bluetooth and try again.', <BleakBluetoothNotAvailableReason.POWERED_OFF: 3>)
2026-10-01 08:10:11,340 - ERROR - SensorApp.Bluetooth - Bluetooth-Adapter Fehler: ('Bluetooth radio is not powered on. Turn on Bluetooth and try again.', <BleakBluetoothNotAvailableReason.POWERED_OFF: 3>)
2026-10-01 08:10:16,356 - ERROR - SensorApp.Bluetooth - Bluetooth-Adapter Fehler: ('Bluetooth radio is not powered on. Turn on Bluetooth and try again.', <BleakBluetoothNotAvailableReason.POWERED_OFF: 3>)
2026-10-01 08:10:21,372 - ERROR - SensorApp.Bluetooth - Bluetooth-Adapter Fehler: ('Bluetooth radio is not powered on. Turn on Bluetooth and try again.', <BleakBluetoothNotAvailableReason.POWERED_OFF: 3>)
2026-10-01 08:10:26,375 - ERROR - SensorApp.Bluetooth - Bluetooth-Adapter Fehler: ('Bluetooth radio is not powered on. Turn on Bluetooth and try again.', <BleakBluetoothNotAvailableReason.POWERED_OFF: 3>)
2026-10-01 08:10:31,386 - ERROR - SensorApp.Bluetooth - Bluetooth-Adapter Fehler: ('Bluetooth radio is not powered on. Turn on Bluetooth and try again.', <BleakBluetoothNotAvailableReason.POWERED_OFF: 3>)
2026-10-01 08:10:36,397 - ERROR - SensorApp.Bluetooth - Bluetooth-Adapter Fehler: ('Bluetooth radio is not powered on. Turn on Bluetooth and try again.', <BleakBluetoothNotAvailableReason.POWERED_OFF: 3>)
2026-10-01 08:10:41,404 - ERROR - SensorApp.Bluetooth - Bluetooth-Adapter Fehler: ('Bluetooth radio is not powered on. Turn on Bluetooth and try again.', <BleakBluetoothNotAvailableReason.POWERED_OFF: 3>)
2026-10-01 08:10:46,421 - ERROR - SensorApp.Bluetooth - Bluetooth-Adapter Fehler: ('Bluetooth radio is not powered on. Turn on Bluetooth and try again.', <BleakBluetoothNotAvailableReason.POWERED_OFF: 3>)
2026-10-01 08:10:51,437 - ERROR - SensorApp.Bluetooth - Bluetooth-Adapter Fehler: ('Bluetooth radio is not powered on. Turn on Bluetooth and try again.', <BleakBluetoothNotAvailableReason.POWERED_OFF: 3>)
2026-10-01 08:10:56,462 - ERROR - SensorApp.Bluetooth - Bluetooth-Adapter Fehler: ('Bluetooth radio is not powered on. Turn on Bluetooth and try again.', <BleakBluetoothNotAvailableReason.POWERED_OFF: 3>)
2026-10-01 08:11:01,471 - ERROR - SensorApp.Bluetooth - Bluetooth-Adapter Fehler: ('Bluetooth radio is not powered on. Turn on Bluetooth and try again.', <BleakBluetoothNotAvailableReason.POWERED_OFF: 3>)
2026-10-01 08:11:06,492 - ERROR - SensorApp.Bluetooth - Bluetooth-Adapter Fehler: ('Bluetooth radio is not powered on. Turn on Bluetooth and try again.', <BleakBluetoothNotAvailableReason.POWERED_OFF: 3>)
2026-10-01 08:11:11,502 - ERROR - SensorApp.Bluetooth - Bluetooth-Adapter Fehler: ('Bluetooth radio is not powered on. Turn on Bluetooth and try again.', <BleakBluetoothNotAvailableReason.POWERED_OFF: 3>)
2026-10-01 08:11:16,513 - ERROR - SensorApp.Bluetooth - Bluetooth-Adapter Fehler: ('Bluetooth radio is not powered on. Turn on Bluetooth and try again.', <BleakBluetoothNotAvailableReason.POWERED_OFF: 3>)
2026-10-01 08:11:21,518 - ERROR - SensorApp.Bluetooth - Bluetooth-Adapter Fehler: ('Bluetooth radio is not powered on. Turn on Bluetooth and try again.', <BleakBluetoothNotAvailableReason.POWERED_OFF: 3>)
2026-10-01 08:11:26,537 - ERROR - SensorApp.Bluetooth - Bluetooth-Adapter Fehler: ('Bluetooth radio is not powered on. Turn on Bluetooth and try again.', <BleakBluetoothNotAvailableReason.POWERED_OFF: 3>)
2026-10-01 08:11:31,558 - ERROR - SensorApp.Bluetooth - Bluetooth-Adapter Fehler: ('Bluetooth radio is not powered on. Turn on Bluetooth and try again.', <BleakBluetoothNotAvailableReason.POWERED_OFF: 3>)
2026-10-01 08:11:36,570 - ERROR - SensorApp.Bluetooth - Bluetooth-Adapter Fehler: ('Bluetooth radio is not powered on. Turn on Bluetooth and try again.', <BleakBluetoothNotAvailableReason.POWERED_OFF: 3>)
2026-10-01 08:11:41,577 - ERROR - SensorApp.Bluetooth - Bluetooth-Adapter Fehler: ('Bluetooth radio is not powered on. Turn on Bluetooth and try again.', <BleakBluetoothNotAvailableReason.POWERED_OFF: 3>)
2026-10-01 08:11:46,593 - ERROR - SensorApp.Bluetooth - Bluetooth-Adapter Fehler: ('Bluetooth radio is not powered on. Turn on Bluetooth and try again.', <BleakBluetoothNotAvailableReason.POWERED_OFF: 3>)
2026-10-01 08:11:51,602 - ERROR - SensorApp.Bluetooth - Bluetooth-Adapter Fehler: ('Bluetooth radio is not powered on. Turn on Bluetooth and try again.', <BleakBluetoothNotAvailableReason.POWERED_OFF: 3>)
2026-10-01 08:11:56,618 - ERROR - SensorApp.Bluetooth - Bluetooth-Adapter Fehler: ('Bluetooth radio is not powered on. Turn on Bluetooth and try again.', <BleakBluetoothNotAvailableReason.POWERED_OFF: 3>)
2026-10-01 08:12:01,628 - ERROR - SensorApp.Bluetooth - Bluetooth-Adapter Fehler: ('Bluetooth radio is not powered on. Turn on Bluetooth and try again.', <BleakBluetoothNotAvailableReason.POWERED_OFF: 3>)
2026-10-01 08:12:06,636 - ERROR - SensorApp.Bluetooth - Bluetooth-Adapter Fehler: ('Bluetooth radio is not powered on. Turn on Bluetooth and try again.', <BleakBluetoothNotAvailableReason.POWERED_OFF: 3>)
2026-10-01 08:12:11,644 - ERROR - SensorApp.Bluetooth - Bluetooth-Adapter Fehler: ('Bluetooth radio is not powered on. Turn on Bluetooth and try again.', <BleakBluetoothNotAvailableReason.POWERED_OFF: 3>)
2026-10-01 08:12:16,653 - ERROR - SensorApp.Bluetooth - Bluetooth-Adapter Fehler: ('Bluetooth radio is not powered on. Turn on Bluetooth and try again.', <BleakBluetoothNotAvailableReason.POWERED_OFF: 3>)
2026-10-01 08:12:21,666 - ERROR - SensorApp.Bluetooth - Bluetooth-Adapter Fehler: ('Bluetooth radio is not powered on. Turn on Bluetooth and try again.', <BleakBluetoothNotAvailableReason.POWERED_OFF: 3>)
2026-10-01 08:12:26,670 - ERROR - SensorApp.Bluetooth - Bluetooth-Adapter Fehler: ('Bluetooth radio is not powered on. Turn on Bluetooth and try again.', <BleakBluetoothNotAvailableReason.POWERED_OFF: 3>)
2026-10-01 08:12:31,689 - ERROR - SensorApp.Bluetooth - Bluetooth-Adapter Fehler: ('Bluetooth radio is not powered on. Turn on Bluetooth and try again.', <BleakBluetoothNotAvailableReason.POWERED_OFF: 3>)
2026-10-01 08:12:36,702 - ERROR - SensorApp.Bluetooth - Bluetooth-Adapter Fehler: ('Bluetooth radio is not powered on. Turn on Bluetooth and try again.', <BleakBluetoothNotAvailableReason.POWERED_OFF: 3>)
2026-10-01 08:12:41,716 - ERROR - SensorApp.Bluetooth - Bluetooth-Adapter Fehler: ('Bluetooth radio is not powered on. Turn on Bluetooth and try again.', <BleakBluetoothNotAvailableReason.POWERED_OFF: 3>)
2026-10-01 08:12:46,726 - ERROR - SensorApp.Bluetooth - Bluetooth-Adapter Fehler: ('Bluetooth radio is not powered on. Turn on Bluetooth and try again.', <BleakBluetoothNotAvailableReason.POWERED_OFF: 3>)
2026-10-01 08:12:51,737 - ERROR - SensorApp.Bluetooth - Bluetooth-Adapter Fehler: ('Bluetooth radio is not powered on. Turn on Bluetooth and try again.', <BleakBluetoothNotAvailableReason.POWERED_OFF: 3>)
2026-10-01 08:12:56,754 - ERROR - SensorApp.Bluetooth - Bluetooth-Adapter Fehler: ('Bluetooth radio is not powered on. Turn on Bluetooth and try again.', <BleakBluetoothNotAvailableReason.POWERED_OFF: 3>)
2026-10-01 08:13:01,767 - ERROR - SensorApp.Bluetooth - Bluetooth-Adapter Fehler: ('Bluetooth radio is not powered on. Turn on Bluetooth and try again.', <BleakBluetoothNotAvailableReason.POWERED_OFF: 3>)
2026-10-01 08:13:06,768 - ERROR - SensorApp.Bluetooth - Bluetooth-Adapter Fehler: ('Bluetooth radio is not powered on. Turn on Bluetooth and try again.', <BleakBluetoothNotAvailableReason.POWERED_OFF: 3>)
2026-10-01 08:13:11,788 - ERROR - SensorApp.Bluetooth - Bluetooth-Adapter Fehler: ('Bluetooth radio is not powered on. Turn on Bluetooth and try again.', <BleakBluetoothNotAvailableReason.POWERED_OFF: 3>)
2026-10-01 08:13:16,807 - ERROR - SensorApp.Bluetooth - Bluetooth-Adapter Fehler: ('Bluetooth radio is not powered on. Turn on Bluetooth and try again.', <BleakBluetoothNotAvailableReason.POWERED_OFF: 3>)
2026-10-01 08:13:21,817 - ERROR - SensorApp.Bluetooth - Bluetooth-Adapter Fehler: ('Bluetooth radio is not powered on. Turn on Bluetooth and try again.', <BleakBluetoothNotAvailableReason.POWERED_OFF: 3>)
2026-10-01 08:13:26,827 - ERROR - SensorApp.Bluetooth - Bluetooth-Adapter Fehler: ('Bluetooth radio is not powered on. Turn on Bluetooth and try again.', <BleakBluetoothNotAvailableReason.POWERED_OFF: 3>)
2026-10-01 08:13:31,834 - ERROR - SensorApp.Bluetooth - Bluetooth-Adapter Fehler: ('Bluetooth radio is not powered on. Turn on Bluetooth and try again.', <BleakBluetoothNotAvailableReason.POWERED_OFF: 3>)
2026-10-01 08:13:36,851 - ERROR - SensorApp.Bluetooth - Bluetooth-Adapter Fehler: ('Bluetooth radio is not powered on. Turn on Bluetooth and try again.', <BleakBluetoothNotAvailableReason.POWERED_OFF: 3>)
2026-10-01 08:13:41,867 - ERROR - SensorApp.Bluetooth - Bluetooth-Adapter Fehler: ('Bluetooth radio is not powered on. Turn on Bluetooth and try again.', <BleakBluetoothNotAvailableReason.POWERED_OFF: 3>)
2026-10-01 08:13:46,888 - ERROR - SensorApp.Bluetooth - Bluetooth-Adapter Fehler: ('Bluetooth radio is not powered on. Turn on Bluetooth and try again.', <BleakBluetoothNotAvailableReason.POWERED_OFF: 3>)
2026-10-01 08:13:51,898 - ERROR - SensorApp.Bluetooth - Bluetooth-Adapter Fehler: ('Bluetooth radio is not powered on. Turn on Bluetooth and try again.', <BleakBluetoothNotAvailableReason.POWERED_OFF: 3>)
2026-10-01 08:13:56,915 - ERROR - SensorApp.Bluetooth - Bluetooth-Adapter Fehler: ('Bluetooth radio is not powered on. Turn on Bluetooth and try again.', <BleakBluetoothNotAvailableReason.POWERED_OFF: 3>)
2026-10-01 08:14:01,932 - ERROR - SensorApp.Bluetooth - Bluetooth-Adapter Fehler: ('Bluetooth radio is not powered on. Turn on Bluetooth and try again.', <BleakBluetoothNotAvailableReason.POWERED_OFF: 3>)
2026-10-01 08:14:06,947 - ERROR - SensorApp.Bluetooth - Bluetooth-Adapter Fehler: ('Bluetooth radio is not powered on. Turn on Bluetooth and try again.', <BleakBluetoothNotAvailableReason.POWERED_OFF: 3>)
2026-10-01 08:14:11,950 - ERROR - SensorApp.Bluetooth - Bluetooth-Adapter Fehler: ('Bluetooth radio is not powered on. Turn on Bluetooth and try again.', <BleakBluetoothNotAvailableReason.POWERED_OFF: 3>)
2026-10-01 08:14:16,966 - ERROR - SensorApp.Bluetooth - Bluetooth-Adapter Fehler: ('Bluetooth radio is not powered on. Turn on Bluetooth and try again.', <BleakBluetoothNotAvailableReason.POWERED_OFF: 3>)
2026-10-01 08:14:21,988 - ERROR - SensorApp.Bluetooth - Bluetooth-Adapter Fehler: ('Bluetooth radio is not powered on. Turn on Bluetooth and try again.', <BleakBluetoothNotAvailableReason.POWERED_OFF: 3>)
2026-10-01 08:14:27,005 - ERROR - SensorApp.Bluetooth - Bluetooth-Adapter Fehler: ('Bluetooth radio is not powered on. Turn on Bluetooth and try again.', <BleakBluetoothNotAvailableReason.POWERED_OFF: 3>)
2026-10-01 08:14:32,029 - ERROR - SensorApp.Bluetooth - Bluetooth-Adapter Fehler: ('Bluetooth radio is not powered on. Turn on Bluetooth and try again.', <BleakBluetoothNotAvailableReason.POWERED_OFF: 3>)
2026-10-01 08:14:37,044 - ERROR - SensorApp.Bluetooth - Bluetooth-Adapter Fehler: ('Bluetooth radio is not powered on. Turn on Bluetooth and try again.', <BleakBluetoothNotAvailableReason.POWERED_OFF: 3>)
2026-10-01 08:14:42,049 - ERROR - SensorApp.Bluetooth - Bluetooth-Adapter Fehler: ('Bluetooth radio is not powered on. Turn on Bluetooth and try again.', <BleakBluetoothNotAvailableReason.POWERED_OFF: 3>)
2026-10-01 08:14:47,063 - ERROR - SensorApp.Bluetooth - Bluetooth-Adapter Fehler: ('Bluetooth radio is not powered on. Turn on Bluetooth and try again.', <BleakBluetoothNotAvailableReason.POWERED_OFF: 3>)
2026-10-01 08:14:52,080 - ERROR - SensorApp.Bluetooth - Bluetooth-Adapter Fehler: ('Bluetooth radio is not powered on. Turn on Bluetooth and try again.', <BleakBluetoothNotAvailableReason.POWERED_OFF: 3>)
2026-10-01 08:14:57,088 - ERROR - SensorApp.Bluetooth - Bluetooth-Adapter Fehler: ('Bluetooth radio is not powered on. Turn on Bluetooth and try again.', <BleakBluetoothNotAvailableReason.POWERED_OFF: 3>)
2026-10-01 08:15:02,096 - ERROR - SensorApp.Bluetooth - Bluetooth-Adapter Fehler: ('Bluetooth radio is not powered on. Turn on Bluetooth and try again.', <BleakBluetoothNotAvailableReason.POWERED_OFF: 3>)
2026-10-01 08:15:07,114 - ERROR - SensorApp.Bluetooth - Bluetooth-Adapter Fehler: ('Bluetooth radio is not powered on. Turn on Bluetooth and try again.', <BleakBluetoothNotAvailableReason.POWERED_OFF: 3>)
2026-10-01 08:15:12,115 - ERROR - SensorApp.Bluetooth - Bluetooth-Adapter Fehler: ('Bluetooth radio is not powered on. Turn on Bluetooth and try again.', <BleakBluetoothNotAvailableReason.POWERED_OFF: 3>)
2026-10-01 08:15:17,131 - ERROR - SensorApp.Bluetooth - Bluetooth-Adapter Fehler: ('Bluetooth radio is not powered on. Turn on Bluetooth and try again.', <BleakBluetoothNotAvailableReason.POWERED_OFF: 3>)
2026-10-01 08:15:22,134 - ERROR - SensorApp.Bluetooth - Bluetooth-Adapter Fehler: ('Bluetooth radio is not powered on. Turn on Bluetooth and try again.', <BleakBluetoothNotAvailableReason.POWERED_OFF: 3>)
2026-10-01 08:15:27,148 - ERROR - SensorApp.Bluetooth - Bluetooth-Adapter Fehler: ('Bluetooth radio is not powered on. Turn on Bluetooth and try again.', <BleakBluetoothNotAvailableReason.POWERED_OFF: 3>)
2026-10-01 08:15:32,163 - ERROR - SensorApp.Bluetooth - Bluetooth-Adapter Fehler: ('Bluetooth radio is not powered on. Turn on Bluetooth and try again.', <BleakBluetoothNotAvailableReason.POWERED_OFF: 3>)
2026-10-01 08:15:37,164 - ERROR - SensorApp.Bluetooth - Bluetooth-Adapter Fehler: ('Bluetooth radio is not powered on. Turn on Bluetooth and try again.', <BleakBluetoothNotAvailableReason.POWERED_OFF: 3>)
2026-10-01 08:15:42,180 - ERROR - SensorApp.Bluetooth - Bluetooth-Adapter Fehler: ('Bluetooth radio is not powered on. Turn on Bluetooth and try again.', <BleakBluetoothNotAvailableReason.POWERED_OFF: 3>)
2026-10-01 08:15:47,182 - ERROR - SensorApp.Bluetooth - Bluetooth-Adapter Fehler: ('Bluetooth radio is not powered on. Turn on Bluetooth and try again.', <BleakBluetoothNotAvailableReason.POWERED_OFF: 3>)
2026-10-01 08:15:52,188 - ERROR - SensorApp.Bluetooth - Bluetooth-Adapter Fehler: ('Bluetooth radio is not powered on. Turn on Bluetooth and try again.', <BleakBluetoothNotAvailableReason.POWERED_OFF: 3>)
2026-10-01 08:15:57,206 - ERROR - SensorApp.Bluetooth - Bluetooth-Adapter Fehler: ('Bluetooth radio is not powered on. Turn on Bluetooth and try again.', <BleakBluetoothNotAvailableReason.POWERED_OFF: 3>)
2026-10-01 08:16:02,214 - ERROR - SensorApp.Bluetooth - Bluetooth-Adapter Fehler: ('Bluetooth radio is not powered on. Turn on Bluetooth and try again.', <BleakBluetoothNotAvailableReason.POWERED_OFF: 3>)
2026-10-01 08:16:07,231 - ERROR - SensorApp.Bluetooth - Bluetooth-Adapter Fehler: ('Bluetooth radio is not powered on. Turn on Bluetooth and try again.', <BleakBluetoothNotAvailableReason.POWERED_OFF: 3>)
2026-10-01 08:16:12,244 - ERROR - SensorApp.Bluetooth - Bluetooth-Adapter Fehler: ('Bluetooth radio is not powered on. Turn on Bluetooth and try again.', <BleakBluetoothNotAvailableReason.POWERED_OFF: 3>)
2026-10-01 08:16:17,250 - ERROR - SensorApp.Bluetooth - Bluetooth-Adapter Fehler: ('Bluetooth radio is not powered on. Turn on Bluetooth and try again.', <BleakBluetoothNotAvailableReason.POWERED_OFF: 3>)
2026-10-01 08:16:22,263 - ERROR - SensorApp.Bluetooth - Bluetooth-Adapter Fehler: ('Bluetooth radio is not powered on. Turn on Bluetooth and try again.', <BleakBluetoothNotAvailableReason.POWERED_OFF: 3>)
2026-10-01 08:16:27,279 - ERROR - SensorApp.Bluetooth - Bluetooth-Adapter Fehler: ('Bluetooth radio is not powered on. Turn on Bluetooth and try again.', <BleakBluetoothNotAvailableReason.POWERED_OFF: 3>)
2026-10-01 08:16:32,280 - ERROR - SensorApp.Bluetooth - Bluetooth-Adapter Fehler: ('Bluetooth radio is not powered on. Turn on Bluetooth and try again.', <BleakBluetoothNotAvailableReason.POWERED_OFF: 3>)
2026-10-01 08:16:37,305 - ERROR - SensorApp.Bluetooth - Bluetooth-Adapter Fehler: ('Bluetooth radio is not powered on. Turn on Bluetooth and try again.', <BleakBluetoothNotAvailableReason.POWERED_OFF: 3>)
2026-10-01 08:16:42,319 - ERROR - SensorApp.Bluetooth - Bluetooth-Adapter Fehler: ('Bluetooth radio is not powered on. Turn on Bluetooth and try again.', <BleakBluetoothNotAvailableReason.POWERED_OFF: 3>)
2026-10-01 08:16:47,329 - ERROR - SensorApp.Bluetooth - Bluetooth-Adapter Fehler: ('Bluetooth radio is not powered on. Turn on Bluetooth and try again.', <BleakBluetoothNotAvailableReason.POWERED_OFF: 3>)
2026-10-01 08:16:52,343 - ERROR - SensorApp.Bluetooth - Bluetooth-Adapter Fehler: ('Bluetooth radio is not powered on. Turn on Bluetooth and try again.', <BleakBluetoothNotAvailableReason.POWERED_OFF: 3>)
2026-10-01 08:16:57,345 - ERROR - SensorApp.Bluetooth - Bluetooth-Adapter Fehler: ('Bluetooth radio is not powered on. Turn on Bluetooth and try again.', <BleakBluetoothNotAvailableReason.POWERED_OFF: 3>)
2026-10-01 08:17:02,354 - ERROR - SensorApp.Bluetooth - Bluetooth-Adapter Fehler: ('Bluetooth radio is not powered on. Turn on Bluetooth and try again.', <BleakBluetoothNotAvailableReason.POWERED_OFF: 3>)
2026-10-01 08:17:07,363 - ERROR - SensorApp.Bluetooth - Bluetooth-Adapter Fehler: ('Bluetooth radio is not powered on. Turn on Bluetooth and try again.', <BleakBluetoothNotAvailableReason.POWERED_OFF: 3>)
2026-10-01 08:17:12,376 - ERROR - SensorApp.Bluetooth - Bluetooth-Adapter Fehler: ('Bluetooth radio is not powered on. Turn on Bluetooth and try again.', <BleakBluetoothNotAvailableReason.POWERED_OFF: 3>)
2026-10-01 08:17:17,394 - ERROR - SensorApp.Bluetooth - Bluetooth-Adapter Fehler: ('Bluetooth radio is not powered on. Turn on Bluetooth and try again.', <BleakBluetoothNotAvailableReason.POWERED_OFF: 3>)
2026-10-01 08:17:22,411 - ERROR - SensorApp.Bluetooth - Bluetooth-Adapter Fehler: ('Bluetooth radio is not powered on. Turn on Bluetooth and try again.', <BleakBluetoothNotAvailableReason.POWERED_OFF: 3>)
2026-10-01 08:17:27,412 - ERROR - SensorApp.Bluetooth - Bluetooth-Adapter Fehler: ('Bluetooth radio is not powered on. Turn on Bluetooth and try again.', <BleakBluetoothNotAvailableReason.POWERED_OFF: 3>)
2026-10-01 08:17:32,430 - ERROR - SensorApp.Bluetooth - Bluetooth-Adapter Fehler: ('Bluetooth radio is not powered on. Turn on Bluetooth and try again.', <BleakBluetoothNotAvailableReason.POWERED_OFF: 3>)
2026-10-01 08:17:37,442 - ERROR - SensorApp.Bluetooth - Bluetooth-Adapter Fehler: ('Bluetooth radio is not powered on. Turn on Bluetooth and try again.', <BleakBluetoothNotAvailableReason.POWERED_OFF: 3>)
2026-10-01 08:17:42,463 - ERROR - SensorApp.Bluetooth - Bluetooth-Adapter Fehler: ('Bluetooth radio is not powered on. Turn on Bluetooth and try again.', <BleakBluetoothNotAvailableReason.POWERED_OFF: 3>)
2026-10-01 08:17:47,477 - ERROR - SensorApp.Bluetooth - Bluetooth-Adapter Fehler: ('Bluetooth radio is not powered on. Turn on Bluetooth and try again.', <BleakBluetoothNotAvailableReason.POWERED_OFF: 3>)
2026-10-01 08:17:52,496 - ERROR - SensorApp.Bluetooth - Bluetooth-Adapter Fehler: ('Bluetooth radio is not powered on. Turn on Bluetooth and try again.', <BleakBluetoothNotAvailableReason.POWERED_OFF: 3>)
2026-10-01 08:17:57,512 - ERROR - SensorApp.Bluetooth - Bluetooth-Adapter Fehler: ('Bluetooth radio is not powered on. Turn on Bluetooth and try again.', <BleakBluetoothNotAvailableReason.POWERED_OFF: 3>)
2026-10-01 08:18:02,520 - ERROR - SensorApp.Bluetooth - Bluetooth-Adapter Fehler: ('Bluetooth radio is not powered on. Turn on Bluetooth and try again.', <BleakBluetoothNotAvailableReason.POWERED_OFF: 3>)
2026-10-01 08:18:07,526 - ERROR - SensorApp.Bluetooth - Bluetooth-Adapter Fehler: ('Bluetooth radio is not powered on. Turn on Bluetooth and try again.', <BleakBluetoothNotAvailableReason.POWERED_OFF: 3>)
2026-10-01 08:18:12,545 - ERROR - SensorApp.Bluetooth - Bluetooth-Adapter Fehler: ('Bluetooth radio is not powered on. Turn on Bluetooth and try again.', <BleakBluetoothNotAvailableReason.POWERED_OFF: 3>)
2026-10-01 08:18:17,560 - ERROR - SensorApp.Bluetooth - Bluetooth-Adapter Fehler: ('Bluetooth radio is not powered on. Turn on Bluetooth and try again.', <BleakBluetoothNotAvailableReason.POWERED_OFF: 3>)
2026-10-01 08:18:22,578 - ERROR - SensorApp.Bluetooth - Bluetooth-Adapter Fehler: ('Bluetooth radio is not powered on. Turn on Bluetooth and try again.', <BleakBluetoothNotAvailableReason.POWERED_OFF: 3>)
2026-10-01 08:18:27,594 - ERROR - SensorApp.Bluetooth - Bluetooth-Adapter Fehler: ('Bluetooth radio is not powered on. Turn on Bluetooth and try again.', <BleakBluetoothNotAvailableReason.POWERED_OFF: 3>)
2026-10-01 08:18:32,612 - ERROR - SensorApp.Bluetooth - Bluetooth-Adapter Fehler: ('Bluetooth radio is not powered on. Turn on Bluetooth and try again.', <BleakBluetoothNotAvailableReason.POWERED_OFF: 3>)
2026-10-01 08:18:37,630 - ERROR - SensorApp.Bluetooth - Bluetooth-Adapter Fehler: ('Bluetooth radio is not powered on. Turn on Bluetooth and try again.', <BleakBluetoothNotAvailableReason.POWERED_OFF: 3>)
2026-10-01 08:18:42,644 - ERROR - SensorApp.Bluetooth - Bluetooth-Adapter Fehler: ('Bluetooth radio is not powered on. Turn on Bluetooth and try again.', <BleakBluetoothNotAvailableReason.POWERED_OFF: 3>)
2026-10-01 08:18:47,665 - ERROR - SensorApp.Bluetooth - Bluetooth-Adapter Fehler: ('Bluetooth radio is not powered on. Turn on Bluetooth and try again.', <BleakBluetoothNotAvailableReason.POWERED_OFF: 3>)
2026-10-01 08:18:52,683 - ERROR - SensorApp.Bluetooth - Bluetooth-Adapter Fehler: ('Bluetooth radio is not powered on. Turn on Bluetooth and try again.', <BleakBluetoothNotAvailableReason.POWERED_OFF: 3>)
2026-10-01 08:18:57,695 - ERROR - SensorApp.Bluetooth - Bluetooth-Adapter Fehler: ('Bluetooth radio is not powered on. Turn on Bluetooth and try again.', <BleakBluetoothNotAvailableReason.POWERED_OFF: 3>)
2026-10-01 08:19:02,700 - ERROR - SensorApp.Bluetooth - Bluetooth-Adapter Fehler: ('Bluetooth radio is not powered on. Turn on Bluetooth and try again.', <BleakBluetoothNotAvailableReason.POWERED_OFF: 3>)
2026-10-01 08:19:07,713 - ERROR - SensorApp.Bluetooth - Bluetooth-Adapter Fehler: ('Bluetooth radio is not powered on. Turn on Bluetooth and try again.', <BleakBluetoothNotAvailableReason.POWERED_OFF: 3>)
2026-10-01 08:19:12,714 - ERROR - SensorApp.Bluetooth - Bluetooth-Adapter Fehler: ('Bluetooth radio is not powered on. Turn on Bluetooth and try again.', <BleakBluetoothNotAvailableReason.POWERED_OFF: 3>)
2026-10-01 08:19:17,731 - ERROR - SensorApp.Bluetooth - Bluetooth-Adapter Fehler: ('Bluetooth radio is not powered on. Turn on Bluetooth and try again.', <BleakBluetoothNotAvailableReason.POWERED_OFF: 3>)
2026-10-01 08:19:22,738 - ERROR - SensorApp.Bluetooth - Bluetooth-Adapter Fehler: ('Bluetooth radio is not powered on. Turn on Bluetooth and try again.', <BleakBluetoothNotAvailableReason.POWERED_OFF: 3>)
2026-10-01 08:19:27,744 - ERROR - SensorApp.Bluetooth - Bluetooth-Adapter Fehler: ('Bluetooth radio is not powered on. Turn on Bluetooth and try again.', <BleakBluetoothNotAvailableReason.POWERED_OFF: 3>)
2026-10-01 08:19:32,765 - ERROR - SensorApp.Bluetooth - Bluetooth-Adapter Fehler: ('Bluetooth radio is not powered on. Turn on Bluetooth and try again.', <BleakBluetoothNotAvailableReason.POWERED_OFF: 3>)
2026-10-01 08:19:37,780 - ERROR - SensorApp.Bluetooth - Bluetooth-Adapter Fehler: ('Bluetooth radio is not powered on. Turn on Bluetooth and try again.', <BleakBluetoothNotAvailableReason.POWERED_OFF: 3>)
2026-10-01 08:19:42,781 - ERROR - SensorApp.Bluetooth - Bluetooth-Adapter Fehler: ('Bluetooth radio is not powered on. Turn on Bluetooth and try again.', <BleakBluetoothNotAvailableReason.POWERED_OFF: 3>)
2026-10-01 08:19:47,798 - ERROR - SensorApp.Bluetooth - Bluetooth-Adapter Fehler: ('Bluetooth radio is not powered on. Turn on Bluetooth and try again.', <BleakBluetoothNotAvailableReason.POWERED_OFF: 3>)
2026-10-01 08:19:52,813 - ERROR - SensorApp.Bluetooth - Bluetooth-Adapter Fehler: ('Bluetooth radio is not powered on. Turn on Bluetooth and try again.', <BleakBluetoothNotAvailableReason.POWERED_OFF: 3>)
2026-10-01 08:19:57,827 - ERROR - SensorApp.Bluetooth - Bluetooth-Adapter Fehler: ('Bluetooth radio is not powered on. Turn on Bluetooth and try again.', <BleakBluetoothNotAvailableReason.POWERED_OFF: 3>)
2026-10-01 08:20:02,832 - ERROR - SensorApp.Bluetooth - Bluetooth-Adapter Fehler: ('Bluetooth radio is not powered on. Turn on Bluetooth and try again.', <BleakBluetoothNotAvailableReason.POWERED_OFF: 3>)
2026-10-01 08:20:07,848 - ERROR - SensorApp.Bluetooth - Bluetooth-Adapter Fehler: ('Bluetooth radio is not powered on. Turn on Bluetooth and try again.', <BleakBluetoothNotAvailableReason.POWERED_OFF: 3>)
2026-10-01 08:20:12,862 - ERROR - SensorApp.Bluetooth - Bluetooth-Adapter Fehler: ('Bluetooth radio is not powered on. Turn on Bluetooth and try again.', <BleakBluetoothNotAvailableReason.POWERED_OFF: 3>)
2026-10-01 08:20:17,864 - ERROR - SensorApp.Bluetooth - Bluetooth-Adapter Fehler: ('Bluetooth radio is not powered on. Turn on Bluetooth and try again.', <BleakBluetoothNotAvailableReason.POWERED_OFF: 3>)
2026-10-01 08:20:22,865 - ERROR - SensorApp.Bluetooth - Bluetooth-Adapter Fehler: ('Bluetooth radio is not powered on. Turn on Bluetooth and try again.', <BleakBluetoothNotAvailableReason.POWERED_OFF: 3>)
2026-10-01 08:20:27,882 - ERROR - SensorApp.Bluetooth - Bluetooth-Adapter Fehler: ('Bluetooth radio is not powered on. Turn on Bluetooth and try again.', <BleakBluetoothNotAvailableReason.POWERED_OFF: 3>)
2026-10-01 08:20:32,903 - ERROR - SensorApp.Bluetooth - Bluetooth-Adapter Fehler: ('Bluetooth radio is not powered on. Turn on Bluetooth and try again.', <BleakBluetoothNotAvailableReason.POWERED_OFF: 3>)
2026-10-01 08:20:37,922 - ERROR - SensorApp.Bluetooth - Bluetooth-Adapter Fehler: ('Bluetooth radio is not powered on. Turn on Bluetooth and try again.', <BleakBluetoothNotAvailableReason.POWERED_OFF: 3>)
2026-10-01 08:20:42,933 - ERROR - SensorApp.Bluetooth - Bluetooth-Adapter Fehler: ('Bluetooth radio is not powered on. Turn on Bluetooth and try again.', <BleakBluetoothNotAvailableReason.POWERED_OFF: 3>)
2026-10-01 08:20:47,950 - ERROR - SensorApp.Bluetooth - Bluetooth-Adapter Fehler: ('Bluetooth radio is not powered on. Turn on Bluetooth and try again.', <BleakBluetoothNotAvailableReason.POWERED_OFF: 3>)
2026-10-01 08:20:52,965 - ERROR - SensorApp.Bluetooth - Bluetooth-Adapter Fehler: ('Bluetooth radio is not powered on. Turn on Bluetooth and try again.', <BleakBluetoothNotAvailableReason.POWERED_OFF: 3>)
2026-10-01 08:20:57,981 - ERROR - SensorApp.Bluetooth - Bluetooth-Adapter Fehler: ('Bluetooth radio is not powered on. Turn on Bluetooth and try again.', <BleakBluetoothNotAvailableReason.POWERED_OFF: 3>)
2026-10-01 08:21:02,991 - ERROR - SensorApp.Bluetooth - Bluetooth-Adapter Fehler: ('Bluetooth radio is not powered on. Turn on Bluetooth and try again.', <BleakBluetoothNotAvailableReason.POWERED_OFF: 3>)
2026-10-01 08:21:08,005 - ERROR - SensorApp.Bluetooth - Bluetooth-Adapter Fehler: ('Bluetooth radio is not powered on. Turn on Bluetooth and try again.', <BleakBluetoothNotAvailableReason.POWERED_OFF: 3>)
2026-10-01 08:21:13,027 - ERROR - SensorApp.Bluetooth - Bluetooth-Adapter Fehler: ('Bluetooth radio is not powered on. Turn on Bluetooth and try again.', <BleakBluetoothNotAvailableReason.POWERED_OFF: 3>)
2026-10-01 08:21:18,043 - ERROR - SensorApp.Bluetooth - Bluetooth-Adapter Fehler: ('Bluetooth radio is not powered on. Turn on Bluetooth and try again.', <BleakBluetoothNotAvailableReason.POWERED_OFF: 3>)
2026-10-01 08:21:23,052 - ERROR - SensorApp.Bluetooth - Bluetooth-Adapter Fehler: ('Bluetooth radio is not powered on. Turn on Bluetooth and try again.', <BleakBluetoothNotAvailableReason.POWERED_OFF: 3>)
2026-10-01 08:21:28,072 - ERROR - SensorApp.Bluetooth - Bluetooth-Adapter Fehler: ('Bluetooth radio is not powered on. Turn on Bluetooth and try again.', <BleakBluetoothNotAvailableReason.POWERED_OFF: 3>)
2026-10-01 08:21:33,085 - ERROR - SensorApp.Bluetooth - Bluetooth-Adapter Fehler: ('Bluetooth radio is not powered on. Turn on Bluetooth and try again.', <BleakBluetoothNotAvailableReason.POWERED_OFF: 3>)
2026-10-01 08:21:38,096 - ERROR - SensorApp.Bluetooth - Bluetooth-Adapter Fehler: ('Bluetooth radio is not powered on. Turn on Bluetooth and try again.', <BleakBluetoothNotAvailableReason.POWERED_OFF: 3>)
2026-10-01 08:21:43,108 - ERROR - SensorApp.Bluetooth - Bluetooth-Adapter Fehler: ('Bluetooth radio is not powered on. Turn on Bluetooth and try again.', <BleakBluetoothNotAvailableReason.POWERED_OFF: 3>)
2026-10-01 08:21:48,123 - ERROR - SensorApp.Bluetooth - Bluetooth-Adapter Fehler: ('Bluetooth radio is not powered on. Turn on Bluetooth and try again.', <BleakBluetoothNotAvailableReason.POWERED_OFF: 3>)
2026-10-01 08:21:53,139 - ERROR - SensorApp.Bluetooth - Bluetooth-Adapter Fehler: ('Bluetooth radio is not powered on. Turn on Bluetooth and try again.', <BleakBluetoothNotAvailableReason.POWERED_OFF: 3>)
2026-10-01 08:21:58,157 - ERROR - SensorApp.Bluetooth - Bluetooth-Adapter Fehler: ('Bluetooth radio is not powered on. Turn on Bluetooth and try again.', <BleakBluetoothNotAvailableReason.POWERED_OFF: 3>)
2026-10-01 08:22:03,169 - ERROR - SensorApp.Bluetooth - Bluetooth-Adapter Fehler: ('Bluetooth radio is not powered on. Turn on Bluetooth and try again.', <BleakBluetoothNotAvailableReason.POWERED_OFF: 3>)
2026-10-01 08:22:08,186 - ERROR - SensorApp.Bluetooth - Bluetooth-Adapter Fehler: ('Bluetooth radio is not powered on. Turn on Bluetooth and try again.', <BleakBluetoothNotAvailableReason.POWERED_OFF: 3>)
2026-10-01 08:22:13,195 - ERROR - SensorApp.Bluetooth - Bluetooth-Adapter Fehler: ('Bluetooth radio is not powered on. Turn on Bluetooth and try again.', <BleakBluetoothNotAvailableReason.POWERED_OFF: 3>)
2026-10-01 08:22:18,206 - ERROR - SensorApp.Bluetooth - Bluetooth-Adapter Fehler: ('Bluetooth radio is not powered on. Turn on Bluetooth and try again.', <BleakBluetoothNotAvailableReason.POWERED_OFF: 3>)
2026-10-01 08:22:23,220 - ERROR - SensorApp.Bluetooth - Bluetooth-Adapter Fehler: ('Bluetooth radio is not powered on. Turn on Bluetooth and try again.', <BleakBluetoothNotAvailableReason.POWERED_OFF: 3>)
2026-10-01 08:22:28,229 - ERROR - SensorApp.Bluetooth - Bluetooth-Adapter Fehler: ('Bluetooth radio is not powered on. Turn on Bluetooth and try again.', <BleakBluetoothNotAvailableReason.POWERED_OFF: 3>)
2026-10-01 08:22:33,236 - ERROR - SensorApp.Bluetooth - Bluetooth-Adapter Fehler: ('Bluetooth radio is not powered on. Turn on Bluetooth and try again.', <BleakBluetoothNotAvailableReason.POWERED_OFF: 3>)
2026-10-01 08:22:38,252 - ERROR - SensorApp.Bluetooth - Bluetooth-Adapter Fehler: ('Bluetooth radio is not powered on. Turn on Bluetooth and try again.', <BleakBluetoothNotAvailableReason.POWERED_OFF: 3>)
2026-10-01 08:22:43,254 - ERROR - SensorApp.Bluetooth - Bluetooth-Adapter Fehler: ('Bluetooth radio is not powered on. Turn on Bluetooth and try again.', <BleakBluetoothNotAvailableReason.POWERED_OFF: 3>)
